,estado,cidade
0,Paraná,Abatiá
1,Paraná,Adrianópolis
2,Paraná,Agudos do Sul
3,Paraná,Almirante Tamandaré
4,Paraná,Altamira do Paraná
5,Paraná,Alto Paraíso
6,Paraná,Alto Paraná
7,Paraná,Alto Piquiri
8,Paraná,Altônia
9,Paraná,Alvorada do Sul
10,Paraná,Amaporã
11,Paraná,Ampére
12,Paraná,Anahy
13,Paraná,Andirá
14,Paraná,Ângulo
15,Paraná,Antonina
16,Paraná,Antônio Olinto
17,Paraná,Apucarana
18,Paraná,Arapongas
19,Paraná,Arapoti
20,Paraná,Arapuã
21,Paraná,Araruna
22,Paraná,Araucária
23,Paraná,Ariranha do Ivaí
24,Paraná,Assaí
25,Paraná,Assis Chateaubriand
26,Paraná,Astorga
27,Paraná,Atalaia
28,Paraná,Balsa Nova
29,Paraná,Bandeirantes
30,Paraná,Barbosa Ferraz
31,Paraná,Barra do Jacaré
32,Paraná,Barracão
33,Paraná,Bela Vista da Caroba
34,Paraná,Bela Vista do Paraíso
35,Paraná,Bituruna
36,Paraná,Boa Esperança
37,Paraná,Boa Esperança do Iguaçu
38,Paraná,Boa Ventura de São Roque
39,Paraná,Boa Vista da Aparecida
40,Paraná,Bocaiúva do Sul
41,Paraná,Bom Jesus do Sul
42,Paraná,Bom Sucesso
43,Paraná,Bom Sucesso do Sul
44,Paraná,Borrazópolis
45,Paraná,Braganey
46,Paraná,Brasilândia do Sul
47,Paraná,Cafeara
48,Paraná,Cafelândia
49,Paraná,Cafezal do Sul
50,Paraná,Califórnia
51,Paraná,Cambará
52,Paraná,Cambé
53,Paraná,Cambira
54,Paraná,Campina da Lagoa
55,Paraná,Campina do Simão
56,Paraná,Campina Grande do Sul
57,Paraná,Campo Bonito
58,Paraná,Campo do Tenente
59,Paraná,Campo Largo
60,Paraná,Campo Magro
61,Paraná,Campo Mourão
62,Paraná,Cândido de Abreu
63,Paraná,Candói
64,Paraná,Cantagalo
65,Paraná,Capanema
66,Paraná,Capitão Leônidas Marques
67,Paraná,Carambeí
68,Paraná,Carlópolis
69,Paraná,Cascavel
70,Paraná,Castro
71,Paraná,Catanduvas
72,Paraná,Centenário do Sul
73,Paraná,Cerro Azul
74,Paraná,Céu Azul
75,Paraná,Chopinzinho
76,Paraná,Cianorte
77,Paraná,Cidade Gaúcha
78,Paraná,Clevelândia
79,Paraná,Colombo
80,Paraná,Colorado
81,Paraná,Congonhinhas
82,Paraná,Conselheiro Mairinck
83,Paraná,Contenda
84,Paraná,Corbélia
85,Paraná,Cornélio Procópio
86,Paraná,Coronel Domingos Soares
87,Paraná,Coronel Vivida
88,Paraná,Corumbataí do Sul
89,Paraná,Cruz Machado
90,Paraná,Cruzeiro do Iguaçu
91,Paraná,Cruzeiro do Oeste
92,Paraná,Cruzeiro do Sul
93,Paraná,Cruzmaltina
94,Paraná,Curitiba
95,Paraná,Curiúva
96,Paraná,Diamante do Norte
97,Paraná,Diamante do Sul
98,Paraná,Diamante d'Oeste
99,Paraná,Dois Vizinhos
100,Paraná,Douradina
101,Paraná,Doutor Camargo
102,Paraná,Doutor Ulysses
103,Paraná,Enéas Marques
104,Paraná,Engenheiro Beltrão
105,Paraná,Entre Rios do Oeste
106,Paraná,Esperança Nova
107,Paraná,Espigão Alto do Iguaçu
108,Paraná,Farol
109,Paraná,Faxinal
110,Paraná,Fazenda Rio Grande
111,Paraná,Fênix
112,Paraná,Fernandes Pinheiro
113,Paraná,Figueira
114,Paraná,Flor da Serra do Sul
115,Paraná,Floraí
116,Paraná,Floresta
117,Paraná,Florestópolis
118,Paraná,Flórida
119,Paraná,Formosa do Oeste
120,Paraná,Foz do Iguaçu
121,Paraná,Foz do Jordão
122,Paraná,Francisco Alves
123,Paraná,Francisco Beltrão
124,Paraná,General Carneiro
125,Paraná,Godoy Moreira
126,Paraná,Goioerê
127,Paraná,Goioxim
128,Paraná,Grandes Rios
129,Paraná,Guaíra
130,Paraná,Guairaçá
131,Paraná,Guamiranga
132,Paraná,Guapirama
133,Paraná,Guaporema
134,Paraná,Guaraci
135,Paraná,Guaraniaçu
136,Paraná,Guarapuava
137,Paraná,Guaraqueçaba
138,Paraná,Guaratuba
139,Paraná,Honório Serpa
140,Paraná,Ibaiti
141,Paraná,Ibema
142,Paraná,Ibiporã
143,Paraná,Icaraíma
144,Paraná,Iguaraçu
145,Paraná,Iguatu
146,Paraná,Imbaú
147,Paraná,Imbituva
148,Paraná,Inácio Martins
149,Paraná,Inajá
150,Paraná,Indianópolis
151,Paraná,Ipiranga
152,Paraná,Iporã
153,Paraná,Iracema do Oeste
154,Paraná,Irati
155,Paraná,Iretama
156,Paraná,Itaguajé
157,Paraná,Itaipulândia
158,Paraná,Itambaracá
159,Paraná,Itambé
160,Paraná,Itapejara d'Oeste
161,Paraná,Itaperuçu
162,Paraná,Itaúna do Sul
163,Paraná,Ivaí
164,Paraná,Ivaiporã
165,Paraná,Ivaté
166,Paraná,Ivatuba
167,Paraná,Jaboti
168,Paraná,Jacarezinho
169,Paraná,Jaguapitã
170,Paraná,Jaguariaíva
171,Paraná,Jandaia do Sul
172,Paraná,Janiópolis
173,Paraná,Japira
174,Paraná,Japurá
175,Paraná,Jardim Alegre
176,Paraná,Jardim Olinda
177,Paraná,Jataizinho
178,Paraná,Jesuítas
179,Paraná,Joaquim Távora
180,Paraná,Jundiaí do Sul
181,Paraná,Juranda
182,Paraná,Jussara
183,Paraná,Kaloré
184,Paraná,Lapa
185,Paraná,Laranjal
186,Paraná,Laranjeiras do Sul
187,Paraná,Leópolis
188,Paraná,Lidianópolis
189,Paraná,Lindoeste
190,Paraná,Loanda
191,Paraná,Lobato
192,Paraná,Londrina
193,Paraná,Luiziana
194,Paraná,Lunardelli
195,Paraná,Lupionópolis
196,Paraná,Mallet
197,Paraná,Mamborê
198,Paraná,Mandaguaçu
199,Paraná,Mandaguari
200,Paraná,Mandirituba
201,Paraná,Manfrinópolis
202,Paraná,Mangueirinha
203,Paraná,Manoel Ribas
204,Paraná,Marechal Cândido Rondon
205,Paraná,Maria Helena
206,Paraná,Marialva
207,Paraná,Marilândia do Sul
208,Paraná,Marilena
209,Paraná,Mariluz
210,Paraná,Maringá
211,Paraná,Mariópolis
212,Paraná,Maripá
213,Paraná,Marmeleiro
214,Paraná,Marquinho
215,Paraná,Marumbi
216,Paraná,Matelândia
217,Paraná,Matinhos
218,Paraná,Mato Rico
219,Paraná,Mauá da Serra
220,Paraná,Medianeira
221,Paraná,Mercedes
222,Paraná,Mirador
223,Paraná,Miraselva
224,Paraná,Missal
225,Paraná,Moreira Sales
226,Paraná,Morretes
227,Paraná,Munhoz de Mello
228,Paraná,Nossa Senhora das Graças
229,Paraná,Nova Aliança do Ivaí
230,Paraná,Nova América da Colina
231,Paraná,Nova Aurora
232,Paraná,Nova Cantu
233,Paraná,Nova Esperança do Sudoeste
234,Paraná,Nova Esperança
235,Paraná,Nova Fátima
236,Paraná,Nova Laranjeiras
237,Paraná,Nova Londrina
238,Paraná,Nova Olímpia
239,Paraná,Nova Prata do Iguaçu
240,Paraná,Nova Santa Bárbara
241,Paraná,Nova Santa Rosa
242,Paraná,Nova Tebas
243,Paraná,Novo Itacolomi
244,Paraná,Ortigueira
245,Paraná,Ourizona
246,Paraná,Ouro Verde do Oeste
247,Paraná,Paiçandu
248,Paraná,Palmas
249,Paraná,Palmeira
250,Paraná,Palmital
251,Paraná,Palotina
252,Paraná,Paraíso do Norte
253,Paraná,Paranacity
254,Paraná,Paranaguá
255,Paraná,Paranapoema
256,Paraná,Paranavaí
257,Paraná,Pato Bragado
258,Paraná,Pato Branco
259,Paraná,Paula Freitas
260,Paraná,Paulo Frontin
261,Paraná,Peabiru
262,Paraná,Perobal
263,Paraná,Pérola
264,Paraná,Pérola d'Oeste
265,Paraná,Piên
266,Paraná,Pinhais
267,Paraná,Pinhal de São Bento
268,Paraná,Pinhalão
269,Paraná,Pinhão
270,Paraná,Piraí do Sul
271,Paraná,Piraquara
272,Paraná,Pitanga
273,Paraná,Pitangueiras
274,Paraná,Planaltina do Paraná
275,Paraná,Planalto
276,Paraná,Ponta Grossa
277,Paraná,Pontal do Paraná
278,Paraná,Porecatu
279,Paraná,Porto Amazonas
280,Paraná,Porto Barreiro
281,Paraná,Porto Rico
282,Paraná,Porto Vitória
283,Paraná,Prado Ferreira
284,Paraná,Pranchita
285,Paraná,Presidente Castelo Branco
286,Paraná,Primeiro de Maio
287,Paraná,Prudentópolis
288,Paraná,Quarto Centenário
289,Paraná,Quatiguá
290,Paraná,Quatro Barras
291,Paraná,Quatro Pontes
292,Paraná,Quedas do Iguaçu
293,Paraná,Querência do Norte
294,Paraná,Quinta do Sol
295,Paraná,Quitandinha
296,Paraná,Ramilândia
297,Paraná,Rancho Alegre
298,Paraná,Rancho Alegre d'Oeste
299,Paraná,Realeza
300,Paraná,Rebouças
301,Paraná,Renascença
302,Paraná,Reserva
303,Paraná,Reserva do Iguaçu
304,Paraná,Ribeirão Claro
305,Paraná,Ribeirão do Pinhal
306,Paraná,Rio Azul
307,Paraná,Rio Bom
308,Paraná,Rio Bonito do Iguaçu
309,Paraná,Rio Branco do Ivaí
310,Paraná,Rio Branco do Sul
311,Paraná,Rio Negro
312,Paraná,Rolândia
313,Paraná,Roncador
314,Paraná,Rondon
315,Paraná,Rosário do Ivaí
316,Paraná,Sabáudia
317,Paraná,Salgado Filho
318,Paraná,Salto do Itararé
319,Paraná,Salto do Lontra
320,Paraná,Santa Amélia
321,Paraná,Santa Cecília do Pavão
322,Paraná,Santa Cruz de Monte Castelo
323,Paraná,Santa Fé
324,Paraná,Santa Helena
325,Paraná,Santa Inês
326,Paraná,Santa Isabel do Ivaí
327,Paraná,Santa Izabel do Oeste
328,Paraná,Santa Lúcia
329,Paraná,Santa Maria do Oeste
330,Paraná,Santa Mariana
331,Paraná,Santa Mônica
332,Paraná,Santa Tereza do Oeste
333,Paraná,Santa Terezinha de Itaipu
334,Paraná,Santana do Itararé
335,Paraná,Santo Antônio da Platina
336,Paraná,Santo Antônio do Caiuá
337,Paraná,Santo Antônio do Paraíso
338,Paraná,Santo Antônio do Sudoeste
339,Paraná,Santo Inácio
340,Paraná,São Carlos do Ivaí
341,Paraná,São Jerônimo da Serra
342,Paraná,São João
343,Paraná,São João do Caiuá
344,Paraná,São João do Ivaí
345,Paraná,São João do Triunfo
346,Paraná,São Jorge do Ivaí
347,Paraná,São Jorge do Patrocínio
348,Paraná,São Jorge d'Oeste
349,Paraná,São José da Boa Vista
350,Paraná,São José das Palmeiras
351,Paraná,São José dos Pinhais
352,Paraná,São Manoel do Paraná
353,Paraná,São Mateus do Sul
354,Paraná,São Miguel do Iguaçu
355,Paraná,São Pedro do Iguaçu
356,Paraná,São Pedro do Ivaí
357,Paraná,São Pedro do Paraná
358,Paraná,São Sebastião da Amoreira
359,Paraná,São Tomé
360,Paraná,Sapopema
361,Paraná,Sarandi
362,Paraná,Saudade do Iguaçu
363,Paraná,Sengés
364,Paraná,Serranópolis do Iguaçu
365,Paraná,Sertaneja
366,Paraná,Sertanópolis
367,Paraná,Siqueira Campos
368,Paraná,Sulina
369,Paraná,Tamarana
370,Paraná,Tamboara
371,Paraná,Tapejara
372,Paraná,Tapira
373,Paraná,Teixeira Soares
374,Paraná,Telêmaco Borba
375,Paraná,Terra Boa
376,Paraná,Terra Rica
377,Paraná,Terra Roxa
378,Paraná,Tibagi
379,Paraná,Tijucas do Sul
380,Paraná,Toledo
381,Paraná,Tomazina
382,Paraná,Três Barras do Paraná
383,Paraná,Tunas do Paraná
384,Paraná,Tuneiras do Oeste
385,Paraná,Tupãssi
386,Paraná,Turvo
387,Paraná,Ubiratã
388,Paraná,Umuarama
389,Paraná,União da Vitória
390,Paraná,Uniflor
391,Paraná,Uraí
392,Paraná,Ventania
393,Paraná,Vera Cruz do Oeste
394,Paraná,Verê
395,Paraná,Virmond
396,Paraná,Vitorino
397,Paraná,Wenceslau Braz
398,Paraná,Xambrê
399,Santa Catarina,Abdon Batista
400,Santa Catarina,Abelardo Luz
401,Santa Catarina,Agrolândia
402,Santa Catarina,Agronômica
403,Santa Catarina,Água Doce
404,Santa Catarina,Águas de Chapecó
405,Santa Catarina,Águas Frias
406,Santa Catarina,Águas Mornas
407,Santa Catarina,Alfredo Wagner
408,Santa Catarina,Alto Bela Vista
409,Santa Catarina,Anchieta
410,Santa Catarina,Angelina
411,Santa Catarina,Anita Garibaldi
412,Santa Catarina,Anitápolis
413,Santa Catarina,Antônio Carlos
414,Santa Catarina,Apiúna
415,Santa Catarina,Arabutã
416,Santa Catarina,Araquari
417,Santa Catarina,Araranguá
418,Santa Catarina,Armazém
419,Santa Catarina,Arroio Trinta
420,Santa Catarina,Arvoredo
421,Santa Catarina,Ascurra
422,Santa Catarina,Atalanta
423,Santa Catarina,Aurora
424,Santa Catarina,Balneário Arroio do Silva
425,Santa Catarina,Balneário Barra do Sul
426,Santa Catarina,Balneário Camboriú
427,Santa Catarina,Balneário Gaivota
428,Santa Catarina,Balneário Piçarras
429,Santa Catarina,Balneário Rincão
430,Santa Catarina,Bandeirante
431,Santa Catarina,Barra Bonita
432,Santa Catarina,Barra Velha
433,Santa Catarina,Bela Vista do Toldo
434,Santa Catarina,Belmonte
435,Santa Catarina,Benedito Novo
436,Santa Catarina,Biguaçu
437,Santa Catarina,Blumenau
438,Santa Catarina,Bocaina do Sul
439,Santa Catarina,Bom Jardim da Serra
440,Santa Catarina,Bom Jesus
441,Santa Catarina,Bom Jesus do Oeste
442,Santa Catarina,Bom Retiro
443,Santa Catarina,Bombinhas
444,Santa Catarina,Botuverá
445,Santa Catarina,Braço do Norte
446,Santa Catarina,Braço do Trombudo
447,Santa Catarina,Brunópolis
448,Santa Catarina,Brusque
449,Santa Catarina,Caçador
450,Santa Catarina,Caibi
451,Santa Catarina,Calmon
452,Santa Catarina,Camboriú
453,Santa Catarina,Campo Alegre
454,Santa Catarina,Campo Belo do Sul
455,Santa Catarina,Campo Erê
456,Santa Catarina,Campos Novos
457,Santa Catarina,Canelinha
458,Santa Catarina,Canoinhas
459,Santa Catarina,Capão Alto
460,Santa Catarina,Capinzal
461,Santa Catarina,Capivari de Baixo
462,Santa Catarina,Catanduvas
463,Santa Catarina,Caxambu do Sul
464,Santa Catarina,Celso Ramos
465,Santa Catarina,Cerro Negro
466,Santa Catarina,Chapadão do Lageado
467,Santa Catarina,Chapecó
468,Santa Catarina,Cocal do Sul
469,Santa Catarina,Concórdia
470,Santa Catarina,Cordilheira Alta
471,Santa Catarina,Coronel Freitas
472,Santa Catarina,Coronel Martins
473,Santa Catarina,Correia Pinto
474,Santa Catarina,Corupá
475,Santa Catarina,Criciúma
476,Santa Catarina,Cunha Porã
477,Santa Catarina,Cunhataí
478,Santa Catarina,Curitibanos
479,Santa Catarina,Descanso
480,Santa Catarina,Dionísio Cerqueira
481,Santa Catarina,Dona Emma
482,Santa Catarina,Doutor Pedrinho
483,Santa Catarina,Entre Rios
484,Santa Catarina,Ermo
485,Santa Catarina,Erval Velho
486,Santa Catarina,Faxinal dos Guedes
487,Santa Catarina,Flor do Sertão
488,Santa Catarina,Florianópolis
489,Santa Catarina,Formosa do Sul
490,Santa Catarina,Forquilhinha
491,Santa Catarina,Fraiburgo
492,Santa Catarina,Frei Rogério
493,Santa Catarina,Galvão
494,Santa Catarina,Garopaba
495,Santa Catarina,Garuva
496,Santa Catarina,Gaspar
497,Santa Catarina,Governador Celso Ramos
498,Santa Catarina,Grão-Pará
499,Santa Catarina,Gravatal
500,Santa Catarina,Guabiruba
501,Santa Catarina,Guaraciaba
502,Santa Catarina,Guaramirim
503,Santa Catarina,Guarujá do Sul
504,Santa Catarina,Guatambu
505,Santa Catarina,Herval d'Oeste
506,Santa Catarina,Ibiam
507,Santa Catarina,Ibicaré
508,Santa Catarina,Ibirama
509,Santa Catarina,Içara
510,Santa Catarina,Ilhota
511,Santa Catarina,Imaruí
512,Santa Catarina,Imbituba
513,Santa Catarina,Imbuia
514,Santa Catarina,Indaial
515,Santa Catarina,Iomerê
516,Santa Catarina,Ipira
517,Santa Catarina,Iporã do Oeste
518,Santa Catarina,Ipuaçu
519,Santa Catarina,Ipumirim
520,Santa Catarina,Iraceminha
521,Santa Catarina,Irani
522,Santa Catarina,Irati
523,Santa Catarina,Irineópolis
524,Santa Catarina,Itá
525,Santa Catarina,Itaiópolis
526,Santa Catarina,Itajaí
527,Santa Catarina,Itapema
528,Santa Catarina,Itapiranga
529,Santa Catarina,Itapoá
530,Santa Catarina,Ituporanga
531,Santa Catarina,Jaborá
532,Santa Catarina,Jacinto Machado
533,Santa Catarina,Jaguaruna
534,Santa Catarina,Jaraguá do Sul
535,Santa Catarina,Jardinópolis
536,Santa Catarina,Joaçaba
537,Santa Catarina,Joinville
538,Santa Catarina,José Boiteux
539,Santa Catarina,Jupiá
540,Santa Catarina,Lacerdópolis
541,Santa Catarina,Lages
542,Santa Catarina,Laguna
543,Santa Catarina,Lajeado Grande
544,Santa Catarina,Laurentino
545,Santa Catarina,Lauro Müller
546,Santa Catarina,Lebon Régis
547,Santa Catarina,Leoberto Leal
548,Santa Catarina,Lindóia do Sul
549,Santa Catarina,Lontras
550,Santa Catarina,Luiz Alves
551,Santa Catarina,Luzerna
552,Santa Catarina,Macieira
553,Santa Catarina,Mafra
554,Santa Catarina,Major Gercino
555,Santa Catarina,Major Vieira
556,Santa Catarina,Maracajá
557,Santa Catarina,Maravilha
558,Santa Catarina,Marema
559,Santa Catarina,Massaranduba
560,Santa Catarina,Matos Costa
561,Santa Catarina,Meleiro
562,Santa Catarina,Mirim Doce
563,Santa Catarina,Modelo
564,Santa Catarina,Mondaí
565,Santa Catarina,Monte Carlo
566,Santa Catarina,Monte Castelo
567,Santa Catarina,Morro da Fumaça
568,Santa Catarina,Morro Grande
569,Santa Catarina,Navegantes
570,Santa Catarina,Nova Erechim
571,Santa Catarina,Nova Itaberaba
572,Santa Catarina,Nova Trento
573,Santa Catarina,Nova Veneza
574,Santa Catarina,Novo Horizonte
575,Santa Catarina,Orleans
576,Santa Catarina,Otacílio Costa
577,Santa Catarina,Ouro
578,Santa Catarina,Ouro Verde
579,Santa Catarina,Paial
580,Santa Catarina,Painel
581,Santa Catarina,Palhoça
582,Santa Catarina,Palma Sola
583,Santa Catarina,Palmeira
584,Santa Catarina,Palmitos
585,Santa Catarina,Papanduva
586,Santa Catarina,Paraíso
587,Santa Catarina,Passo de Torres
588,Santa Catarina,Passos Maia
589,Santa Catarina,Paulo Lopes
590,Santa Catarina,Pedras Grandes
591,Santa Catarina,Penha
592,Santa Catarina,Peritiba
593,Santa Catarina,Pescaria Brava
594,Santa Catarina,Petrolândia
595,Santa Catarina,Pinhalzinho
596,Santa Catarina,Pinheiro Preto
597,Santa Catarina,Piratuba
598,Santa Catarina,Planalto Alegre
599,Santa Catarina,Pomerode
600,Santa Catarina,Ponte Alta
601,Santa Catarina,Ponte Alta do Norte
602,Santa Catarina,Ponte Serrada
603,Santa Catarina,Porto Belo
604,Santa Catarina,Porto União
605,Santa Catarina,Pouso Redondo
606,Santa Catarina,Praia Grande
607,Santa Catarina,Presidente Castello Branco
608,Santa Catarina,Presidente Getúlio
609,Santa Catarina,Presidente Nereu
610,Santa Catarina,Princesa
611,Santa Catarina,Quilombo
612,Santa Catarina,Rancho Queimado
613,Santa Catarina,Rio das Antas
614,Santa Catarina,Rio do Campo
615,Santa Catarina,Rio do Oeste
616,Santa Catarina,Rio do Sul
617,Santa Catarina,Rio dos Cedros
618,Santa Catarina,Rio Fortuna
619,Santa Catarina,Rio Negrinho
620,Santa Catarina,Rio Rufino
621,Santa Catarina,Riqueza
622,Santa Catarina,Rodeio
623,Santa Catarina,Romelândia
624,Santa Catarina,Salete
625,Santa Catarina,Saltinho
626,Santa Catarina,Salto Veloso
627,Santa Catarina,Sangão
628,Santa Catarina,Santa Cecília
629,Santa Catarina,Santa Helena
630,Santa Catarina,Santa Rosa de Lima
631,Santa Catarina,Santa Rosa do Sul
632,Santa Catarina,Santa Terezinha
633,Santa Catarina,Santa Terezinha do Progresso
634,Santa Catarina,Santiago do Sul
635,Santa Catarina,Santo Amaro da Imperatriz
636,Santa Catarina,São Bento do Sul
637,Santa Catarina,São Bernardino
638,Santa Catarina,São Bonifácio
639,Santa Catarina,São Carlos
640,Santa Catarina,São Cristóvão do Sul
641,Santa Catarina,São Domingos
642,Santa Catarina,São Francisco do Sul
643,Santa Catarina,São João Batista
644,Santa Catarina,São João do Itaperiú
645,Santa Catarina,São João do Oeste
646,Santa Catarina,São João do Sul
647,Santa Catarina,São Joaquim
648,Santa Catarina,São José
649,Santa Catarina,São José do Cedro
650,Santa Catarina,São José do Cerrito
651,Santa Catarina,São Lourenço do Oeste
652,Santa Catarina,São Ludgero
653,Santa Catarina,São Martinho
654,Santa Catarina,São Miguel da Boa Vista
655,Santa Catarina,São Miguel do Oeste
656,Santa Catarina,São Pedro de Alcântara
657,Santa Catarina,Saudades
658,Santa Catarina,Schroeder
659,Santa Catarina,Seara
660,Santa Catarina,Serra Alta
661,Santa Catarina,Siderópolis
662,Santa Catarina,Sombrio
663,Santa Catarina,Sul Brasil
664,Santa Catarina,Taió
665,Santa Catarina,Tangará
666,Santa Catarina,Tigrinhos
667,Santa Catarina,Tijucas
668,Santa Catarina,Timbé do Sul
669,Santa Catarina,Timbó
670,Santa Catarina,Timbó Grande
671,Santa Catarina,Três Barras
672,Santa Catarina,Treviso
673,Santa Catarina,Treze de Maio
674,Santa Catarina,Treze Tílias
675,Santa Catarina,Trombudo Central
676,Santa Catarina,Tubarão
677,Santa Catarina,Tunápolis
678,Santa Catarina,Turvo
679,Santa Catarina,União do Oeste
680,Santa Catarina,Urubici
681,Santa Catarina,Urupema
682,Santa Catarina,Urussanga
683,Santa Catarina,Vargeão
684,Santa Catarina,Vargem
685,Santa Catarina,Vargem Bonita
686,Santa Catarina,Vidal Ramos
687,Santa Catarina,Videira
688,Santa Catarina,Vitor Meireles
689,Santa Catarina,Witmarsum
690,Santa Catarina,Xanxerê
691,Santa Catarina,Xavantina
692,Santa Catarina,Xaxim
693,Santa Catarina,Zortéa
694,Rio Grande do Sul,Aceguá
695,Rio Grande do Sul,Água Santa
696,Rio Grande do Sul,Agudo
697,Rio Grande do Sul,Ajuricaba
698,Rio Grande do Sul,Alecrim
699,Rio Grande do Sul,Alegrete
700,Rio Grande do Sul,Alegria
701,Rio Grande do Sul,Almirante Tamandaré do Sul
702,Rio Grande do Sul,Alpestre
703,Rio Grande do Sul,Alto Alegre
704,Rio Grande do Sul,Alto Feliz
705,Rio Grande do Sul,Alvorada
706,Rio Grande do Sul,Amaral Ferrador
707,Rio Grande do Sul,Ametista do Sul
708,Rio Grande do Sul,André da Rocha
709,Rio Grande do Sul,Anta Gorda
710,Rio Grande do Sul,Antônio Prado
711,Rio Grande do Sul,Arambaré
712,Rio Grande do Sul,Araricá
713,Rio Grande do Sul,Aratiba
714,Rio Grande do Sul,Arroio do Meio
715,Rio Grande do Sul,Arroio do Padre
716,Rio Grande do Sul,Arroio do Sal
717,Rio Grande do Sul,Arroio do Tigre
718,Rio Grande do Sul,Arroio dos Ratos
719,Rio Grande do Sul,Arroio Grande
720,Rio Grande do Sul,Arvorezinha
721,Rio Grande do Sul,Augusto Pestana
722,Rio Grande do Sul,Áurea
723,Rio Grande do Sul,Bagé
724,Rio Grande do Sul,Balneário Pinhal
725,Rio Grande do Sul,Barão
726,Rio Grande do Sul,Barão de Cotegipe
727,Rio Grande do Sul,Barão do Triunfo
728,Rio Grande do Sul,Barra do Guarita
729,Rio Grande do Sul,Barra do Quaraí
730,Rio Grande do Sul,Barra do Ribeiro
731,Rio Grande do Sul,Barra do Rio Azul
732,Rio Grande do Sul,Barra Funda
733,Rio Grande do Sul,Barracão
734,Rio Grande do Sul,Barros Cassal
735,Rio Grande do Sul,Benjamin Constant do Sul
736,Rio Grande do Sul,Bento Gonçalves
737,Rio Grande do Sul,Boa Vista das Missões
738,Rio Grande do Sul,Boa Vista do Buricá
739,Rio Grande do Sul,Boa Vista do Cadeado
740,Rio Grande do Sul,Boa Vista do Incra
741,Rio Grande do Sul,Boa Vista do Sul
742,Rio Grande do Sul,Bom Jesus
743,Rio Grande do Sul,Bom Princípio
744,Rio Grande do Sul,Bom Progresso
745,Rio Grande do Sul,Bom Retiro do Sul
746,Rio Grande do Sul,Boqueirão do Leão
747,Rio Grande do Sul,Bossoroca
748,Rio Grande do Sul,Bozano
749,Rio Grande do Sul,Braga
750,Rio Grande do Sul,Brochier
751,Rio Grande do Sul,Butiá
752,Rio Grande do Sul,Caçapava do Sul
753,Rio Grande do Sul,Cacequi
754,Rio Grande do Sul,Cachoeira do Sul
755,Rio Grande do Sul,Cachoeirinha
756,Rio Grande do Sul,Cacique Doble
757,Rio Grande do Sul,Caibaté
758,Rio Grande do Sul,Caiçara
759,Rio Grande do Sul,Camaquã
760,Rio Grande do Sul,Camargo
761,Rio Grande do Sul,Cambará do Sul
762,Rio Grande do Sul,Campestre da Serra
763,Rio Grande do Sul,Campina das Missões
764,Rio Grande do Sul,Campinas do Sul
765,Rio Grande do Sul,Campo Bom
766,Rio Grande do Sul,Campo Novo
767,Rio Grande do Sul,Campos Borges
768,Rio Grande do Sul,Candelária
769,Rio Grande do Sul,Cândido Godói
770,Rio Grande do Sul,Candiota
771,Rio Grande do Sul,Canela
772,Rio Grande do Sul,Canguçu
773,Rio Grande do Sul,Canoas
774,Rio Grande do Sul,Canudos do Vale
775,Rio Grande do Sul,Capão Bonito do Sul
776,Rio Grande do Sul,Capão da Canoa
777,Rio Grande do Sul,Capão do Cipó
778,Rio Grande do Sul,Capão do Leão
779,Rio Grande do Sul,Capela de Santana
780,Rio Grande do Sul,Capitão
781,Rio Grande do Sul,Capivari do Sul
782,Rio Grande do Sul,Caraá
783,Rio Grande do Sul,Carazinho
784,Rio Grande do Sul,Carlos Barbosa
785,Rio Grande do Sul,Carlos Gomes
786,Rio Grande do Sul,Casca
787,Rio Grande do Sul,Caseiros
788,Rio Grande do Sul,Catuípe
789,Rio Grande do Sul,Caxias do Sul
790,Rio Grande do Sul,Centenário
791,Rio Grande do Sul,Cerrito
792,Rio Grande do Sul,Cerro Branco
793,Rio Grande do Sul,Cerro Grande do Sul
794,Rio Grande do Sul,Cerro Grande
795,Rio Grande do Sul,Cerro Largo
796,Rio Grande do Sul,Chapada
797,Rio Grande do Sul,Charqueadas
798,Rio Grande do Sul,Charrua
799,Rio Grande do Sul,Chiapetta
800,Rio Grande do Sul,Chuí
801,Rio Grande do Sul,Chuvisca
802,Rio Grande do Sul,Cidreira
803,Rio Grande do Sul,Ciríaco
804,Rio Grande do Sul,Colinas
805,Rio Grande do Sul,Colorado
806,Rio Grande do Sul,Condor
807,Rio Grande do Sul,Constantina
808,Rio Grande do Sul,Coqueiro Baixo
809,Rio Grande do Sul,Coqueiros do Sul
810,Rio Grande do Sul,Coronel Barros
811,Rio Grande do Sul,Coronel Bicaco
812,Rio Grande do Sul,Coronel Pilar
813,Rio Grande do Sul,Cotiporã
814,Rio Grande do Sul,Coxilha
815,Rio Grande do Sul,Crissiumal
816,Rio Grande do Sul,Cristal
817,Rio Grande do Sul,Cristal do Sul
818,Rio Grande do Sul,Cruz Alta
819,Rio Grande do Sul,Cruzaltense
820,Rio Grande do Sul,Cruzeiro do Sul
821,Rio Grande do Sul,David Canabarro
822,Rio Grande do Sul,Derrubadas
823,Rio Grande do Sul,Dezesseis de Novembro
824,Rio Grande do Sul,Dilermando de Aguiar
825,Rio Grande do Sul,Dois Irmãos das Missões
826,Rio Grande do Sul,Dois Irmãos
827,Rio Grande do Sul,Dois Lajeados
828,Rio Grande do Sul,Dom Feliciano
829,Rio Grande do Sul,Dom Pedrito
830,Rio Grande do Sul,Dom Pedro de Alcântara
831,Rio Grande do Sul,Dona Francisca
832,Rio Grande do Sul,Doutor Maurício Cardoso
833,Rio Grande do Sul,Doutor Ricardo
834,Rio Grande do Sul,Eldorado do Sul
835,Rio Grande do Sul,Encantado
836,Rio Grande do Sul,Encruzilhada do Sul
837,Rio Grande do Sul,Engenho Velho
838,Rio Grande do Sul,Entre Rios do Sul
839,Rio Grande do Sul,Entre-Ijuís
840,Rio Grande do Sul,Erebango
841,Rio Grande do Sul,Erechim
842,Rio Grande do Sul,Ernestina
843,Rio Grande do Sul,Erval Grande
844,Rio Grande do Sul,Erval Seco
845,Rio Grande do Sul,Esmeralda
846,Rio Grande do Sul,Esperança do Sul
847,Rio Grande do Sul,Espumoso
848,Rio Grande do Sul,Estação
849,Rio Grande do Sul,Estância Velha
850,Rio Grande do Sul,Esteio
851,Rio Grande do Sul,Estrela
852,Rio Grande do Sul,Estrela Velha
853,Rio Grande do Sul,Eugênio de Castro
854,Rio Grande do Sul,Fagundes Varela
855,Rio Grande do Sul,Farroupilha
856,Rio Grande do Sul,Faxinal do Soturno
857,Rio Grande do Sul,Faxinalzinho
858,Rio Grande do Sul,Fazenda Vilanova
859,Rio Grande do Sul,Feliz
860,Rio Grande do Sul,Flores da Cunha
861,Rio Grande do Sul,Floriano Peixoto
862,Rio Grande do Sul,Fontoura Xavier
863,Rio Grande do Sul,Formigueiro
864,Rio Grande do Sul,Forquetinha
865,Rio Grande do Sul,Fortaleza dos Valos
866,Rio Grande do Sul,Frederico Westphalen
867,Rio Grande do Sul,Garibaldi
868,Rio Grande do Sul,Garruchos
869,Rio Grande do Sul,Gaurama
870,Rio Grande do Sul,General Câmara
871,Rio Grande do Sul,Gentil
872,Rio Grande do Sul,Getúlio Vargas
873,Rio Grande do Sul,Giruá
874,Rio Grande do Sul,Glorinha
875,Rio Grande do Sul,Gramado dos Loureiros
876,Rio Grande do Sul,Gramado Xavier
877,Rio Grande do Sul,Gramado
878,Rio Grande do Sul,Gravataí
879,Rio Grande do Sul,Guabiju
880,Rio Grande do Sul,Guaíba
881,Rio Grande do Sul,Guaporé
882,Rio Grande do Sul,Guarani das Missões
883,Rio Grande do Sul,Harmonia
884,Rio Grande do Sul,Herval
885,Rio Grande do Sul,Herveiras
886,Rio Grande do Sul,Horizontina
887,Rio Grande do Sul,Hulha Negra
888,Rio Grande do Sul,Humaitá
889,Rio Grande do Sul,Ibarama
890,Rio Grande do Sul,Ibiaçá
891,Rio Grande do Sul,Ibiraiaras
892,Rio Grande do Sul,Ibirapuitã
893,Rio Grande do Sul,Ibirubá
894,Rio Grande do Sul,Igrejinha
895,Rio Grande do Sul,Ijuí
896,Rio Grande do Sul,Ilópolis
897,Rio Grande do Sul,Imbé
898,Rio Grande do Sul,Imigrante
899,Rio Grande do Sul,Independência
900,Rio Grande do Sul,Inhacorá
901,Rio Grande do Sul,Ipê
902,Rio Grande do Sul,Ipiranga do Sul
903,Rio Grande do Sul,Iraí
904,Rio Grande do Sul,Itaara
905,Rio Grande do Sul,Itacurubi
906,Rio Grande do Sul,Itapuca
907,Rio Grande do Sul,Itaqui
908,Rio Grande do Sul,Itati
909,Rio Grande do Sul,Itatiba do Sul
910,Rio Grande do Sul,Ivorá
911,Rio Grande do Sul,Ivoti
912,Rio Grande do Sul,Jaboticaba
913,Rio Grande do Sul,Jacuizinho
914,Rio Grande do Sul,Jacutinga
915,Rio Grande do Sul,Jaguarão
916,Rio Grande do Sul,Jaguari
917,Rio Grande do Sul,Jaquirana
918,Rio Grande do Sul,Jari
919,Rio Grande do Sul,Jóia
920,Rio Grande do Sul,Júlio de Castilhos
921,Rio Grande do Sul,Lagoa Bonita do Sul
922,Rio Grande do Sul,Lagoa dos Três Cantos
923,Rio Grande do Sul,Lagoa Vermelha
924,Rio Grande do Sul,Lagoão
925,Rio Grande do Sul,Lajeado
926,Rio Grande do Sul,Lajeado do Bugre
927,Rio Grande do Sul,Lavras do Sul
928,Rio Grande do Sul,Liberato Salzano
929,Rio Grande do Sul,Lindolfo Collor
930,Rio Grande do Sul,Linha Nova
931,Rio Grande do Sul,Maçambará
932,Rio Grande do Sul,Machadinho
933,Rio Grande do Sul,Mampituba
934,Rio Grande do Sul,Manoel Viana
935,Rio Grande do Sul,Maquiné
936,Rio Grande do Sul,Maratá
937,Rio Grande do Sul,Marau
938,Rio Grande do Sul,Marcelino Ramos
939,Rio Grande do Sul,Mariana Pimentel
940,Rio Grande do Sul,Mariano Moro
941,Rio Grande do Sul,Marques de Souza
942,Rio Grande do Sul,Mata
943,Rio Grande do Sul,Mato Castelhano
944,Rio Grande do Sul,Mato Leitão
945,Rio Grande do Sul,Mato Queimado
946,Rio Grande do Sul,Maximiliano de Almeida
947,Rio Grande do Sul,Minas do Leão
948,Rio Grande do Sul,Miraguaí
949,Rio Grande do Sul,Montauri
950,Rio Grande do Sul,Monte Alegre dos Campos
951,Rio Grande do Sul,Monte Belo do Sul
952,Rio Grande do Sul,Montenegro
953,Rio Grande do Sul,Mormaço
954,Rio Grande do Sul,Morrinhos do Sul
955,Rio Grande do Sul,Morro Redondo
956,Rio Grande do Sul,Morro Reuter
957,Rio Grande do Sul,Mostardas
958,Rio Grande do Sul,Muçum
959,Rio Grande do Sul,Muitos Capões
960,Rio Grande do Sul,Muliterno
961,Rio Grande do Sul,Não-Me-Toque
962,Rio Grande do Sul,Nicolau Vergueiro
963,Rio Grande do Sul,Nonoai
964,Rio Grande do Sul,Nova Alvorada
965,Rio Grande do Sul,Nova Araçá
966,Rio Grande do Sul,Nova Bassano
967,Rio Grande do Sul,Nova Boa Vista
968,Rio Grande do Sul,Nova Bréscia
969,Rio Grande do Sul,Nova Candelária
970,Rio Grande do Sul,Nova Esperança do Sul
971,Rio Grande do Sul,Nova Hartz
972,Rio Grande do Sul,Nova Pádua
973,Rio Grande do Sul,Nova Palma
974,Rio Grande do Sul,Nova Petrópolis
975,Rio Grande do Sul,Nova Prata
976,Rio Grande do Sul,Nova Ramada
977,Rio Grande do Sul,Nova Roma do Sul
978,Rio Grande do Sul,Nova Santa Rita
979,Rio Grande do Sul,Novo Barreiro
980,Rio Grande do Sul,Novo Cabrais
981,Rio Grande do Sul,Novo Hamburgo
982,Rio Grande do Sul,Novo Machado
983,Rio Grande do Sul,Novo Tiradentes
984,Rio Grande do Sul,Novo Xingu
985,Rio Grande do Sul,Osório
986,Rio Grande do Sul,Paim Filho
987,Rio Grande do Sul,Palmares do Sul
988,Rio Grande do Sul,Palmeira das Missões
989,Rio Grande do Sul,Palmitinho
990,Rio Grande do Sul,Panambi
991,Rio Grande do Sul,Pantano Grande
992,Rio Grande do Sul,Paraí
993,Rio Grande do Sul,Paraíso do Sul
994,Rio Grande do Sul,Pareci Novo
995,Rio Grande do Sul,Parobé
996,Rio Grande do Sul,Passa-Sete
997,Rio Grande do Sul,Passo do Sobrado
998,Rio Grande do Sul,Passo Fundo
999,Rio Grande do Sul,Paulo Bento
1000,Rio Grande do Sul,Paverama
1001,Rio Grande do Sul,Pedras Altas
1002,Rio Grande do Sul,Pedro Osório
1003,Rio Grande do Sul,Pejuçara
1004,Rio Grande do Sul,Pelotas
1005,Rio Grande do Sul,Picada Café
1006,Rio Grande do Sul,Pinhal
1007,Rio Grande do Sul,Pinhal da Serra
1008,Rio Grande do Sul,Pinhal Grande
1009,Rio Grande do Sul,Pinheirinho do Vale
1010,Rio Grande do Sul,Pinheiro Machado
1011,Rio Grande do Sul,Pinto Bandeira
1012,Rio Grande do Sul,Pirapó
1013,Rio Grande do Sul,Piratini
1014,Rio Grande do Sul,Planalto
1015,Rio Grande do Sul,Poço das Antas
1016,Rio Grande do Sul,Pontão
1017,Rio Grande do Sul,Ponte Preta
1018,Rio Grande do Sul,Portão
1019,Rio Grande do Sul,Porto Alegre
1020,Rio Grande do Sul,Porto Lucena
1021,Rio Grande do Sul,Porto Mauá
1022,Rio Grande do Sul,Porto Vera Cruz
1023,Rio Grande do Sul,Porto Xavier
1024,Rio Grande do Sul,Pouso Novo
1025,Rio Grande do Sul,Presidente Lucena
1026,Rio Grande do Sul,Progresso
1027,Rio Grande do Sul,Protásio Alves
1028,Rio Grande do Sul,Putinga
1029,Rio Grande do Sul,Quaraí
1030,Rio Grande do Sul,Quatro Irmãos
1031,Rio Grande do Sul,Quevedos
1032,Rio Grande do Sul,Quinze de Novembro
1033,Rio Grande do Sul,Redentora
1034,Rio Grande do Sul,Relvado
1035,Rio Grande do Sul,Restinga Sêca
1036,Rio Grande do Sul,Rio dos Índios
1037,Rio Grande do Sul,Rio Grande
1038,Rio Grande do Sul,Rio Pardo
1039,Rio Grande do Sul,Riozinho
1040,Rio Grande do Sul,Roca Sales
1041,Rio Grande do Sul,Rodeio Bonito
1042,Rio Grande do Sul,Rolador
1043,Rio Grande do Sul,Rolante
1044,Rio Grande do Sul,Ronda Alta
1045,Rio Grande do Sul,Rondinha
1046,Rio Grande do Sul,Roque Gonzales
1047,Rio Grande do Sul,Rosário do Sul
1048,Rio Grande do Sul,Sagrada Família
1049,Rio Grande do Sul,Saldanha Marinho
1050,Rio Grande do Sul,Salto do Jacuí
1051,Rio Grande do Sul,Salvador das Missões
1052,Rio Grande do Sul,Salvador do Sul
1053,Rio Grande do Sul,Sananduva
1054,Rio Grande do Sul,Santa Bárbara do Sul
1055,Rio Grande do Sul,Santa Cecília do Sul
1056,Rio Grande do Sul,Santa Clara do Sul
1057,Rio Grande do Sul,Santa Cruz do Sul
1058,Rio Grande do Sul,Santa Margarida do Sul
1059,Rio Grande do Sul,Santa Maria
1060,Rio Grande do Sul,Santa Maria do Herval
1061,Rio Grande do Sul,Santa Rosa
1062,Rio Grande do Sul,Santa Tereza
1063,Rio Grande do Sul,Santa Vitória do Palmar
1064,Rio Grande do Sul,Santana da Boa Vista
1065,Rio Grande do Sul,Sant'Ana do Livramento
1066,Rio Grande do Sul,Santiago
1067,Rio Grande do Sul,Santo Ângelo
1068,Rio Grande do Sul,Santo Antônio da Patrulha
1069,Rio Grande do Sul,Santo Antônio das Missões
1070,Rio Grande do Sul,Santo Antônio do Palma
1071,Rio Grande do Sul,Santo Antônio do Planalto
1072,Rio Grande do Sul,Santo Augusto
1073,Rio Grande do Sul,Santo Cristo
1074,Rio Grande do Sul,Santo Expedito do Sul
1075,Rio Grande do Sul,São Borja
1076,Rio Grande do Sul,São Domingos do Sul
1077,Rio Grande do Sul,São Francisco de Assis
1078,Rio Grande do Sul,São Francisco de Paula
1079,Rio Grande do Sul,São Gabriel
1080,Rio Grande do Sul,São Jerônimo
1081,Rio Grande do Sul,São João da Urtiga
1082,Rio Grande do Sul,São João do Polêsine
1083,Rio Grande do Sul,São Jorge
1084,Rio Grande do Sul,São José das Missões
1085,Rio Grande do Sul,São José do Herval
1086,Rio Grande do Sul,São José do Hortêncio
1087,Rio Grande do Sul,São José do Inhacorá
1088,Rio Grande do Sul,São José do Norte
1089,Rio Grande do Sul,São José do Ouro
1090,Rio Grande do Sul,São José do Sul
1091,Rio Grande do Sul,São José dos Ausentes
1092,Rio Grande do Sul,São Leopoldo
1093,Rio Grande do Sul,São Lourenço do Sul
1094,Rio Grande do Sul,São Luiz Gonzaga
1095,Rio Grande do Sul,São Marcos
1096,Rio Grande do Sul,São Martinho
1097,Rio Grande do Sul,São Martinho da Serra
1098,Rio Grande do Sul,São Miguel das Missões
1099,Rio Grande do Sul,São Nicolau
1100,Rio Grande do Sul,São Paulo das Missões
1101,Rio Grande do Sul,São Pedro da Serra
1102,Rio Grande do Sul,São Pedro das Missões
1103,Rio Grande do Sul,São Pedro do Butiá
1104,Rio Grande do Sul,São Pedro do Sul
1105,Rio Grande do Sul,São Sebastião do Caí
1106,Rio Grande do Sul,São Sepé
1107,Rio Grande do Sul,São Valentim
1108,Rio Grande do Sul,São Valentim do Sul
1109,Rio Grande do Sul,São Valério do Sul
1110,Rio Grande do Sul,São Vendelino
1111,Rio Grande do Sul,São Vicente do Sul
1112,Rio Grande do Sul,Sapiranga
1113,Rio Grande do Sul,Sapucaia do Sul
1114,Rio Grande do Sul,Sarandi
1115,Rio Grande do Sul,Seberi
1116,Rio Grande do Sul,Sede Nova
1117,Rio Grande do Sul,Segredo
1118,Rio Grande do Sul,Selbach
1119,Rio Grande do Sul,Senador Salgado Filho
1120,Rio Grande do Sul,Sentinela do Sul
1121,Rio Grande do Sul,Serafina Corrêa
1122,Rio Grande do Sul,Sério
1123,Rio Grande do Sul,Sertão
1124,Rio Grande do Sul,Sertão Santana
1125,Rio Grande do Sul,Sete de Setembro
1126,Rio Grande do Sul,Severiano de Almeida
1127,Rio Grande do Sul,Silveira Martins
1128,Rio Grande do Sul,Sinimbu
1129,Rio Grande do Sul,Sobradinho
1130,Rio Grande do Sul,Soledade
1131,Rio Grande do Sul,Tabaí
1132,Rio Grande do Sul,Tapejara
1133,Rio Grande do Sul,Tapera
1134,Rio Grande do Sul,Tapes
1135,Rio Grande do Sul,Taquara
1136,Rio Grande do Sul,Taquari
1137,Rio Grande do Sul,Taquaruçu do Sul
1138,Rio Grande do Sul,Tavares
1139,Rio Grande do Sul,Tenente Portela
1140,Rio Grande do Sul,Terra de Areia
1141,Rio Grande do Sul,Teutônia
1142,Rio Grande do Sul,Tio Hugo
1143,Rio Grande do Sul,Tiradentes do Sul
1144,Rio Grande do Sul,Toropi
1145,Rio Grande do Sul,Torres
1146,Rio Grande do Sul,Tramandaí
1147,Rio Grande do Sul,Travesseiro
1148,Rio Grande do Sul,Três Arroios
1149,Rio Grande do Sul,Três Cachoeiras
1150,Rio Grande do Sul,Três Coroas
1151,Rio Grande do Sul,Três de Maio
1152,Rio Grande do Sul,Três Forquilhas
1153,Rio Grande do Sul,Três Palmeiras
1154,Rio Grande do Sul,Três Passos
1155,Rio Grande do Sul,Trindade do Sul
1156,Rio Grande do Sul,Triunfo
1157,Rio Grande do Sul,Tucunduva
1158,Rio Grande do Sul,Tunas
1159,Rio Grande do Sul,Tupanci do Sul
1160,Rio Grande do Sul,Tupanciretã
1161,Rio Grande do Sul,Tupandi
1162,Rio Grande do Sul,Tuparendi
1163,Rio Grande do Sul,Turuçu
1164,Rio Grande do Sul,Ubiretama
1165,Rio Grande do Sul,União da Serra
1166,Rio Grande do Sul,Unistalda
1167,Rio Grande do Sul,Uruguaiana
1168,Rio Grande do Sul,Vacaria
1169,Rio Grande do Sul,Vale do Sol
1170,Rio Grande do Sul,Vale Real
1171,Rio Grande do Sul,Vale Verde
1172,Rio Grande do Sul,Vanini
1173,Rio Grande do Sul,Venâncio Aires
1174,Rio Grande do Sul,Vera Cruz
1175,Rio Grande do Sul,Veranópolis
1176,Rio Grande do Sul,Vespasiano Corrêa
1177,Rio Grande do Sul,Viadutos
1178,Rio Grande do Sul,Viamão
1179,Rio Grande do Sul,Vicente Dutra
1180,Rio Grande do Sul,Victor Graeff
1181,Rio Grande do Sul,Vila Flores
1182,Rio Grande do Sul,Vila Lângaro
1183,Rio Grande do Sul,Vila Maria
1184,Rio Grande do Sul,Vila Nova do Sul
1185,Rio Grande do Sul,Vista Alegre do Prata
1186,Rio Grande do Sul,Vista Alegre
1187,Rio Grande do Sul,Vista Gaúcha
1188,Rio Grande do Sul,Vitória das Missões
1189,Rio Grande do Sul,Westfália
1190,Rio Grande do Sul,Xangri-lá
