estado,cidade,latitude,longitude
Paraná,Abatiá,-23.3052967,-50.3102532
Paraná,Adrianópolis,-24.6557863,-48.9912769
Paraná,Agudos do Sul,-25.9890808,-49.3328175
Paraná,Almirante Tamandaré,-25.3133048,-49.2997838
Paraná,Altamira do Paraná,-24.798939,-52.7132201
Paraná,Alto Paraíso,-23.508137,-53.728537
Paraná,Alto Paraná,-23.131247,-52.318893
Paraná,Alto Piquiri,-24.0239021,-53.4417448
Paraná,Altônia,-23.8722004,-53.894037
Paraná,Alvorada do Sul,-22.7807269,-51.2307721
Paraná,Amaporã,-23.094272,-52.786597
Paraná,Ampére,-25.9168712,-53.4742414
Paraná,Anahy,-24.6450861,-53.1337957
Paraná,Andirá,-23.0494761,-50.2310027
Paraná,Ângulo,-23.1958345,-51.9094976
Paraná,Antonina,-25.4298854,-48.7125431
Paraná,Antônio Olinto,-25.9849006,-50.1974516
Paraná,Apucarana,-23.5525327,-51.4610764
Paraná,Arapongas,-23.4152862,-51.4293961
Paraná,Arapoti,-24.1457957,-49.8224605
Paraná,Arapuã,-24.3079525,-51.7901941
Paraná,Araruna,-23.9320308,-52.4976047
Paraná,Araucária,-25.5861107,-49.4051209
Paraná,Ariranha do Ivaí,-24.3834527,-51.5876772
Paraná,Assaí,-23.3736041,-50.8454929
Paraná,Assis Chateaubriand,-24.4054826,-53.5120468
Paraná,Astorga,-23.2350184,-51.6647074
Paraná,Atalaia,-23.1513833,-52.0529697
Paraná,Balsa Nova,-25.5842234,-49.6312741
Paraná,Bandeirantes,-23.107788,-50.370407
Paraná,Barbosa Ferraz,-24.0287182,-52.00811
Paraná,Barra do Jacaré,-23.1151788,-50.1813945
Paraná,Barracão,-26.2524094,-53.6349764
Paraná,Bela Vista da Caroba,-25.8792818,-53.6672545
Paraná,Bela Vista do Paraíso,-22.9948493,-51.1907996
Paraná,Bituruna,-26.161281,-51.5533319
Paraná,Boa Esperança,-24.2411024,-52.7860277
Paraná,Boa Esperança do Iguaçu,-25.6362851,-53.2139114
Paraná,Boa Ventura de São Roque,-24.88177,-51.5441292
Paraná,Boa Vista da Aparecida,-25.4357216,-53.4067721
Paraná,Bocaiúva do Sul,-25.206591,-49.114131
Paraná,Bom Jesus do Sul,-26.192388,-53.6000736
Paraná,Bom Sucesso,-23.7101968,-51.7661597
Paraná,Bom Sucesso do Sul,-26.0749256,-52.8348629
Paraná,Borrazópolis,-23.9399295,-51.5842203
Paraná,Braganey,-24.8179919,-53.118506
Paraná,Brasilândia do Sul,-24.1975793,-53.527551
Paraná,Cafeara,-22.78905,-51.714195
Paraná,Cafelândia,-24.6176963,-53.3218057
Paraná,Cafezal do Sul,-23.900508,-53.512418
Paraná,Califórnia,-23.6672543,-51.3554556
Paraná,Cambará,-23.042273,-50.075281
Paraná,Cambé,-23.2782035,-51.2779583
Paraná,Cambira,-23.6002773,-51.5809914
Paraná,Campina da Lagoa,-24.5937926,-52.8038965
Paraná,Campina do Simão,-25.1086375,-51.8076658
Paraná,Campina Grande do Sul,-25.3046032,-49.0545355
Paraná,Campo Bonito,-25.0328004,-52.992976
Paraná,Campo do Tenente,-25.9814143,-49.684518
Paraná,Campo Largo,-25.4597726,-49.5270851
Paraná,Campo Magro,-25.3691533,-49.4496921
Paraná,Campo Mourão,-24.046329,-52.37802
Paraná,Cândido de Abreu,-24.5747463,-51.3432207
Paraná,Candói,-25.5711951,-52.051107
Paraná,Cantagalo,-25.3735238,-52.1238114
Paraná,Capanema,-25.6704878,-53.8083036
Paraná,Capitão Leônidas Marques,-25.481645,-53.611238
Paraná,Carambeí,-24.9513298,-50.1171293
Paraná,Carlópolis,-23.4285011,-49.7208814
Paraná,Cascavel,-24.9554996,-53.4560544
Paraná,Castro,-24.794072,-49.9972914
Paraná,Catanduvas,-25.2043528,-53.154826
Paraná,Centenário do Sul,-22.821497,-51.5951456
Paraná,Cerro Azul,-24.8245108,-49.2615181
Paraná,Céu Azul,-25.1484973,-53.8494214
Paraná,Chopinzinho,-25.8566167,-52.5294107
Paraná,Cianorte,-23.662036,-52.6103989
Paraná,Cidade Gaúcha,-23.3816558,-52.9444098
Paraná,Clevelândia,-26.404065,-52.3513972
Paraná,Colombo,-25.2925439,-49.2243472
Paraná,Colorado,-22.8385097,-51.9730135
Paraná,Congonhinhas,-23.5497241,-50.5520182
Paraná,Conselheiro Mairinck,-23.6229983,-50.1706779
Paraná,Contenda,-25.678811,-49.535044
Paraná,Corbélia,-24.7951117,-53.2961804
Paraná,Cornélio Procópio,-23.1825218,-50.6499263
Paraná,Coronel Domingos Soares,-26.22394,-52.0314509
Paraná,Coronel Vivida,-25.9803771,-52.5654277
Paraná,Corumbataí do Sul,-24.100956,-52.11766
Paraná,Cruz Machado,-26.0184626,-51.3503171
Paraná,Cruzeiro do Iguaçu,-25.6142278,-53.1299075
Paraná,Cruzeiro do Oeste,-23.7839582,-53.0709425
Paraná,Cruzeiro do Sul,-22.9623678,-52.1625688
Paraná,Cruzmaltina,-23.9930826,-51.4435583
Paraná,Curitiba,-25.4295963,-49.2712724
Paraná,Curiúva,-24.0383013,-50.455484
Paraná,Diamante do Norte,-22.6565442,-52.8589113
Paraná,Diamante do Sul,-25.0436147,-52.6800923
Paraná,Diamante d'Oeste,-24.9446989,-54.1028594
Paraná,Dois Vizinhos,-25.7464681,-53.0554369
Paraná,Douradina,-23.3847331,-53.2932989
Paraná,Doutor Camargo,-23.5575611,-52.2185546
Paraná,Doutor Ulysses,-24.5661713,-49.4203013
Paraná,Enéas Marques,-25.9435584,-53.1637539
Paraná,Engenheiro Beltrão,-23.7996003,-52.2592684
Paraná,Entre Rios do Oeste,-24.7002098,-54.2448233
Paraná,Esperança Nova,-23.7246134,-53.8105174
Paraná,Espigão Alto do Iguaçu,-25.4223729,-52.8376411
Paraná,Farol,-24.0935055,-52.6232183
Paraná,Faxinal,-24.001212,-51.3222727
Paraná,Fazenda Rio Grande,-25.645841,-49.3126653
Paraná,Fênix,-23.9169495,-51.9801443
Paraná,Fernandes Pinheiro,-25.4148066,-50.5489837
Paraná,Figueira,-23.8481018,-50.4059875
Paraná,Flor da Serra do Sul,-26.2589553,-53.308432
Paraná,Floraí,-23.3206134,-52.3009856
Paraná,Floresta,-23.6144046,-52.0819003
Paraná,Florestópolis,-22.8663942,-51.3905121
Paraná,Flórida,-23.0861312,-51.9540843
Paraná,Formosa do Oeste,-24.2966562,-53.312801
Paraná,Foz do Iguaçu,-25.5304023,-54.5830692
Paraná,Foz do Jordão,-25.7377144,-52.1209188
Paraná,Francisco Alves,-24.0694395,-53.844348
Paraná,Francisco Beltrão,-26.0790979,-53.0533527
Paraná,General Carneiro,-26.422982,-51.3146691
Paraná,Godoy Moreira,-24.1925289,-51.9232662
Paraná,Goioerê,-24.1851885,-53.0250623
Paraná,Goioxim,-25.1987274,-51.9924229
Paraná,Grandes Rios,-24.1454626,-51.5063628
Paraná,Guaíra,-24.0851924,-54.2567519
Paraná,Guairaçá,-22.9352304,-52.6865101
Paraná,Guamiranga,-25.1909033,-50.8116961
Paraná,Guapirama,-23.5164582,-50.0431538
Paraná,Guaporema,-23.340218,-52.778605
Paraná,Guaraci,-22.970394,-51.6479769
Paraná,Guaraniaçu,-25.10035,-52.867811
Paraná,Guarapuava,-25.3950986,-51.4622016
Paraná,Guaraqueçaba,-25.2983566,-48.3290185
Paraná,Guaratuba,-25.8806192,-48.5750905
Paraná,Honório Serpa,-26.143149,-52.383794
Paraná,Ibaiti,-23.8452962,-50.1905666
Paraná,Ibema,-25.1192916,-53.0071928
Paraná,Ibiporã,-23.2684137,-51.0475907
Paraná,Icaraíma,-23.3948345,-53.6162036
Paraná,Iguaraçu,-23.1972911,-51.8244524
Paraná,Iguatu,-24.7170385,-53.0865561
Paraná,Imbaú,-24.447597,-50.7557188
Paraná,Imbituva,-25.2293338,-50.6051002
Paraná,Inácio Martins,-25.5725435,-51.0764637
Paraná,Inajá,-22.7530214,-52.1976067
Paraná,Indianópolis,-23.4807249,-52.6987037
Paraná,Ipiranga,-25.0239759,-50.5854615
Paraná,Iporã,-24.0039474,-53.7100595
Paraná,Iracema do Oeste,-24.427888,-53.3539137
Paraná,Irati,-25.469663,-50.649287
Paraná,Iretama,-24.4205941,-52.1013532
Paraná,Itaguajé,-22.618282,-51.967351
Paraná,Itaipulândia,-25.1417007,-54.2980691
Paraná,Itambaracá,-23.0176678,-50.406887
Paraná,Itambé,-23.659424,-51.9903555
Paraná,Itapejara d'Oeste,-25.9651274,-52.8149217
Paraná,Itaperuçu,-25.2212291,-49.3458394
Paraná,Itaúna do Sul,-22.7302304,-52.8854393
Paraná,Ivaí,-25.0069795,-50.8568896
Paraná,Ivaiporã,-24.2433517,-51.6719268
Paraná,Ivaté,-23.4084656,-53.3698352
Paraná,Ivatuba,-23.618722,-52.2174491
Paraná,Jaboti,-23.7419073,-50.0752639
Paraná,Jacarezinho,-23.1590428,-49.9739664
Paraná,Jaguapitã,-23.1102516,-51.5327741
Paraná,Jaguariaíva,-24.2589699,-49.7201518
Paraná,Jandaia do Sul,-23.6003907,-51.645674
Paraná,Janiópolis,-24.140124,-52.77836
Paraná,Japira,-23.8119773,-50.1397133
Paraná,Japurá,-23.469273,-52.55572
Paraná,Jardim Alegre,-24.1795192,-51.6927177
Paraná,Jardim Olinda,-22.5520625,-52.036373
Paraná,Jataizinho,-23.257815,-50.977748
Paraná,Jesuítas,-24.3807263,-53.3855699
Paraná,Joaquim Távora,-23.4999724,-49.9232545
Paraná,Jundiaí do Sul,-23.4369861,-50.2478173
Paraná,Juranda,-24.420866,-52.841344
Paraná,Jussara,-23.621931,-52.46931
Paraná,Kaloré,-23.8242643,-51.6683666
Paraná,Lapa,-25.76709,-49.716777
Paraná,Laranjal,-24.8909736,-52.4726747
Paraná,Laranjeiras do Sul,-25.4073197,-52.4150132
Paraná,Leópolis,-23.0789091,-50.7501808
Paraná,Lidianópolis,-24.1073464,-51.6525676
Paraná,Lindoeste,-25.2608275,-53.5758136
Paraná,Loanda,-22.9320944,-53.1352452
Paraná,Lobato,-23.0077055,-51.9524309
Paraná,Londrina,-23.3112878,-51.1595023
Paraná,Luiziana,-24.2838237,-52.2767531
Paraná,Lunardelli,-24.0793542,-51.7421822
Paraná,Lupionópolis,-22.7558205,-51.6575301
Paraná,Mallet,-25.8829457,-50.8289338
Paraná,Mamborê,-24.3084433,-52.5298446
Paraná,Mandaguaçu,-23.3485076,-52.0966215
Paraná,Mandaguari,-23.5224849,-51.6787511
Paraná,Mandirituba,-25.7772457,-49.3279107
Paraná,Manfrinópolis,-26.1440729,-53.3113372
Paraná,Mangueirinha,-25.9412009,-52.1740852
Paraná,Manoel Ribas,-24.5177239,-51.6685729
Paraná,Marechal Cândido Rondon,-24.5582532,-54.0587821
Paraná,Maria Helena,-23.6139395,-53.206135
Paraná,Marialva,-23.4820987,-51.795788
Paraná,Marilândia do Sul,-23.7462425,-51.3021452
Paraná,Marilena,-22.7358333,-53.04
Paraná,Mariluz,-24.0031216,-53.148113
Paraná,Maringá,-23.425269,-51.9382078
Paraná,Mariópolis,-26.3518327,-52.5491563
Paraná,Maripá,-24.419978,-53.828641
Paraná,Marmeleiro,-26.1472,-53.026741
Paraná,Marquinho,-25.1133759,-52.2581854
Paraná,Marumbi,-23.7070343,-51.6408276
Paraná,Matelândia,-25.2404183,-53.9835004
Paraná,Matinhos,-25.8187096,-48.534204
Paraná,Mato Rico,-24.7045571,-52.1493001
Paraná,Mauá da Serra,-23.9045517,-51.2261166
Paraná,Medianeira,-25.2954233,-54.0940666
Paraná,Mercedes,-24.4504957,-54.1647255
Paraná,Mirador,-23.257015,-52.7756432
Paraná,Miraselva,-22.9675823,-51.4847793
Paraná,Missal,-25.0913359,-54.2476738
Paraná,Moreira Sales,-24.0509413,-53.0101722
Paraná,Morretes,-25.4768503,-48.8322501
Paraná,Munhoz de Mello,-23.1486583,-51.7737332
Paraná,Nossa Senhora das Graças,-22.9138823,-51.7962681
Paraná,Nova Aliança do Ivaí,-23.176271,-52.603244
Paraná,Nova América da Colina,-23.3315888,-50.7182735
Paraná,Nova Aurora,-24.5282336,-53.2576703
Paraná,Nova Cantu,-24.6739252,-52.5731265
Paraná,Nova Esperança do Sudoeste,-25.9004038,-53.2617627
Paraná,Nova Esperança,-23.1818437,-52.1999852
Paraná,Nova Fátima,-23.433056,-50.5618055
Paraná,Nova Laranjeiras,-25.305376,-52.544682
Paraná,Nova Londrina,-22.7633621,-52.9875908
Paraná,Nova Olímpia,-23.4699403,-53.090112
Paraná,Nova Prata do Iguaçu,-25.6325323,-53.3463611
Paraná,Nova Santa Bárbara,-23.5860638,-50.7638011
Paraná,Nova Santa Rosa,-24.468132,-53.9547649
Paraná,Nova Tebas,-24.437958,-51.945357
Paraná,Novo Itacolomi,-23.7635774,-51.5076578
Paraná,Ortigueira,-24.2088891,-50.925043
Paraná,Ourizona,-23.4047001,-52.1954085
Paraná,Ouro Verde do Oeste,-24.7741302,-53.906938
Paraná,Paiçandu,-23.4575884,-52.048988
Paraná,Palmas,-26.483868,-51.988812
Paraná,Palmeira,-25.4269718,-49.9987787
Paraná,Palmital,-24.8842985,-52.2113941
Paraná,Palotina,-24.2839929,-53.8405463
Paraná,Paraíso do Norte,-23.2841185,-52.6024125
Paraná,Paranacity,-22.9304971,-52.1523164
Paraná,Paranaguá,-25.5148822,-48.5226695
Paraná,Paranapoema,-22.6561084,-52.0865163
Paraná,Paranavaí,-23.08165,-52.461724
Paraná,Pato Bragado,-24.6270545,-54.2264587
Paraná,Pato Branco,-26.2295984,-52.6712474
Paraná,Paula Freitas,-26.2092739,-50.936462
Paraná,Paulo Frontin,-26.0399524,-50.8337759
Paraná,Peabiru,-23.9142123,-52.3455598
Paraná,Perobal,-23.894861,-53.409838
Paraná,Pérola,-23.8031666,-53.6824972
Paraná,Pérola d'Oeste,-25.827794,-53.743333
Paraná,Piên,-26.0988916,-49.4297904
Paraná,Pinhais,-25.4443488,-49.1900307
Paraná,Pinhal de São Bento,-26.0326418,-53.4837511
Paraná,Pinhalão,-23.7889966,-50.0577318
Paraná,Pinhão,-25.6960895,-51.6566366
Paraná,Piraí do Sul,-24.5346602,-49.9399216
Paraná,Piraquara,-25.4423273,-49.0604473
Paraná,Pitanga,-24.759586,-51.7637582
Paraná,Pitangueiras,-23.2313428,-51.587301
Paraná,Planaltina do Paraná,-23.0228724,-52.9160307
Paraná,Planalto,-25.7184492,-53.767216
Paraná,Ponta Grossa,-25.0891685,-50.1601812
Paraná,Pontal do Paraná,-25.574765,-48.3614806
Paraná,Porecatu,-22.753724,-51.37949
Paraná,Porto Amazonas,-25.5494226,-49.8973805
Paraná,Porto Barreiro,-25.5466703,-52.409026
Paraná,Porto Rico,-22.774742,-53.267731
Paraná,Porto Vitória,-26.1605673,-51.2239397
Paraná,Prado Ferreira,-23.039784,-51.4431235
Paraná,Pranchita,-26.0209403,-53.7396825
Paraná,Presidente Castelo Branco,-23.2790844,-52.1528771
Paraná,Primeiro de Maio,-22.851714,-51.029251
Paraná,Prudentópolis,-25.203358,-50.9895774
Paraná,Quarto Centenário,-24.27904,-53.075881
Paraná,Quatiguá,-23.5669626,-49.9160315
Paraná,Quatro Barras,-25.3708987,-49.0745672
Paraná,Quatro Pontes,-24.5741062,-53.9780237
Paraná,Quedas do Iguaçu,-25.453001,-52.9090429
Paraná,Querência do Norte,-23.083758,-53.483022
Paraná,Quinta do Sol,-23.8494169,-52.1334452
Paraná,Quitandinha,-25.8737269,-49.4977717
Paraná,Ramilândia,-25.1190203,-54.0301175
Paraná,Rancho Alegre,-23.070922,-50.9142676
Paraná,Rancho Alegre d'Oeste,-24.3065214,-52.9551791
Paraná,Realeza,-25.7720262,-53.5338306
Paraná,Rebouças,-25.6259339,-50.6946598
Paraná,Renascença,-26.158837,-52.970349
Paraná,Reserva,-24.6545336,-50.8484432
Paraná,Reserva do Iguaçu,-25.8365103,-52.028256
Paraná,Ribeirão Claro,-23.1960492,-49.7568326
Paraná,Ribeirão do Pinhal,-23.4063092,-50.3581945
Paraná,Rio Azul,-25.726644,-50.790534
Paraná,Rio Bom,-23.7618456,-51.4127871
Paraná,Rio Bonito do Iguaçu,-25.4903906,-52.5262069
Paraná,Rio Branco do Ivaí,-24.3193396,-51.3139672
Paraná,Rio Branco do Sul,-25.1885374,-49.3119082
Paraná,Rio Negro,-26.1047668,-49.7982766
Paraná,Rolândia,-23.3119901,-51.3674145
Paraná,Roncador,-24.5960555,-52.2744834
Paraná,Rondon,-23.4171839,-52.7722221
Paraná,Rosário do Ivaí,-24.2545374,-51.2505025
Paraná,Sabáudia,-23.319019,-51.5544109
Paraná,Salgado Filho,-26.1732041,-53.3619195
Paraná,Salto do Itararé,-23.6038767,-49.626581
Paraná,Salto do Lontra,-25.7815642,-53.3085197
Paraná,Santa Amélia,-23.2661996,-50.4278622
Paraná,Santa Cecília do Pavão,-23.5176577,-50.7837199
Paraná,Santa Cruz de Monte Castelo,-22.9582028,-53.294859
Paraná,Santa Fé,-23.039993,-51.808014
Paraná,Santa Helena,-24.8591735,-54.3328813
Paraná,Santa Inês,-22.640225,-51.9031333
Paraná,Santa Isabel do Ivaí,-23.0013818,-53.1940876
Paraná,Santa Izabel do Oeste,-25.821652,-53.480146
Paraná,Santa Lúcia,-25.4079427,-53.5677252
Paraná,Santa Maria do Oeste,-24.9392355,-51.8712242
Paraná,Santa Mariana,-23.1499367,-50.5199587
Paraná,Santa Mônica,-23.1085921,-53.1103971
Paraná,Santa Tereza do Oeste,-25.0511956,-53.6161834
Paraná,Santa Terezinha de Itaipu,-25.4390809,-54.4019902
Paraná,Santana do Itararé,-23.7566225,-49.6292826
Paraná,Santo Antônio da Platina,-23.2957157,-50.0778957
Paraná,Santo Antônio do Caiuá,-22.7365132,-52.3446998
Paraná,Santo Antônio do Paraíso,-23.4949247,-50.6468656
Paraná,Santo Antônio do Sudoeste,-26.0727118,-53.725556
Paraná,Santo Inácio,-22.6973239,-51.792679
Paraná,São Carlos do Ivaí,-23.315828,-52.476143
Paraná,São Jerônimo da Serra,-23.7221275,-50.7389164
Paraná,São João,-25.8273206,-52.7256633
Paraná,São João do Caiuá,-22.8544849,-52.3371114
Paraná,São João do Ivaí,-23.9914063,-51.8232148
Paraná,São João do Triunfo,-25.682971,-50.29492
Paraná,São Jorge do Ivaí,-23.4327325,-52.2924553
Paraná,São Jorge do Patrocínio,-23.7612908,-53.8806252
Paraná,São Jorge d'Oeste,-25.7086966,-52.9189882
Paraná,São José da Boa Vista,-23.9173145,-49.650601
Paraná,São José das Palmeiras,-24.8350864,-54.0621488
Paraná,São José dos Pinhais,-25.533816,-49.2072163
Paraná,São Manoel do Paraná,-23.394137,-52.645376
Paraná,São Mateus do Sul,-25.866823,-50.382796
Paraná,São Miguel do Iguaçu,-25.349171,-54.240498
Paraná,São Pedro do Iguaçu,-24.9341766,-53.8579529
Paraná,São Pedro do Ivaí,-23.8660384,-51.8563711
Paraná,São Pedro do Paraná,-22.8240967,-53.222755
Paraná,São Sebastião da Amoreira,-23.4647501,-50.7605173
Paraná,São Tomé,-23.534946,-52.590125
Paraná,Sapopema,-23.9105099,-50.5791315
Paraná,Sarandi,-23.444117,-51.876016
Paraná,Saudade do Iguaçu,-25.6915533,-52.6184857
Paraná,Sengés,-24.1141771,-49.4644197
Paraná,Serranópolis do Iguaçu,-25.3798835,-54.0538801
Paraná,Sertaneja,-23.0367627,-50.816802
Paraná,Sertanópolis,-23.0600434,-51.0373544
Paraná,Siqueira Campos,-23.687481,-49.830416
Paraná,Sulina,-25.7001327,-52.7207833
Paraná,Tamarana,-23.7223793,-51.0936013
Paraná,Tamboara,-23.1995071,-52.5000131
Paraná,Tapejara,-23.7334411,-52.8701739
Paraná,Tapira,-23.323146,-53.0712033
Paraná,Teixeira Soares,-25.3719287,-50.4586285
Paraná,Telêmaco Borba,-24.3282939,-50.6318021
Paraná,Terra Boa,-23.768329,-52.447002
Paraná,Terra Rica,-22.7264874,-52.6202541
Paraná,Terra Roxa,-24.1670468,-54.097432
Paraná,Tibagi,-24.5151667,-50.4101487
Paraná,Tijucas do Sul,-25.9273376,-49.179265
Paraná,Toledo,-24.7222438,-53.7402476
Paraná,Tomazina,-23.7777942,-49.9546482
Paraná,Três Barras do Paraná,-25.4212699,-53.1837577
Paraná,Tunas do Paraná,-24.9739476,-49.0862467
Paraná,Tuneiras do Oeste,-23.8672329,-52.8749376
Paraná,Tupãssi,-24.5857992,-53.5129537
Paraná,Turvo,-25.043933,-51.5392172
Paraná,Ubiratã,-24.542725,-52.9899678
Paraná,Umuarama,-23.7621152,-53.3116192
Paraná,União da Vitória,-26.228596,-51.0869796
Paraná,Uniflor,-23.0853871,-52.1584403
Paraná,Uraí,-23.199997,-50.793873
Paraná,Ventania,-24.2470771,-50.245452
Paraná,Vera Cruz do Oeste,-25.058614,-53.8785648
Paraná,Verê,-25.8812309,-52.9081757
Paraná,Virmond,-25.3816653,-52.2034599
Paraná,Vitorino,-26.2647687,-52.7804392
Paraná,Wenceslau Braz,-23.8748841,-49.8035872
Paraná,Xambrê,-23.7361723,-53.4881707
Santa Catarina,Abdon Batista,-27.612419,-51.022992
Santa Catarina,Abelardo Luz,-26.5705893,-52.3280339
Santa Catarina,Agrolândia,-27.4120688,-49.8294621
Santa Catarina,Agronômica,-27.2660744,-49.7104753
Santa Catarina,Água Doce,-26.9986047,-51.5529306
Santa Catarina,Águas de Chapecó,-27.0741119,-52.9879048
Santa Catarina,Águas Frias,-26.8817187,-52.8599756
Santa Catarina,Águas Mornas,-27.696316,-48.8247831
Santa Catarina,Alfredo Wagner,-27.6961513,-49.3326734
Santa Catarina,Alto Bela Vista,-27.4320737,-51.905771
Santa Catarina,Anchieta,-26.5350527,-53.3293938
Santa Catarina,Angelina,-27.5805287,-48.9838759
Santa Catarina,Anita Garibaldi,-27.6855032,-51.1293873
Santa Catarina,Anitápolis,-27.9041185,-49.1287395
Santa Catarina,Antônio Carlos,-27.5168462,-48.7684715
Santa Catarina,Apiúna,-27.0374658,-49.3885037
Santa Catarina,Arabutã,-27.1587028,-52.1438142
Santa Catarina,Araquari,-26.3703324,-48.7210994
Santa Catarina,Araranguá,-28.9348832,-49.4858389
Santa Catarina,Armazém,-28.2624996,-49.0190126
Santa Catarina,Arroio Trinta,-26.9301976,-51.334928
Santa Catarina,Arvoredo,-27.0755081,-52.4570855
Santa Catarina,Ascurra,-26.9569975,-49.3767752
Santa Catarina,Atalanta,-27.421916,-49.778863
Santa Catarina,Aurora,-27.3166417,-49.6368502
Santa Catarina,Balneário Arroio do Silva,-28.9815269,-49.4189932
Santa Catarina,Balneário Barra do Sul,-26.459842,-48.6061471
Santa Catarina,Balneário Camboriú,-26.9924395,-48.6339782
Santa Catarina,Balneário Gaivota,-29.1553098,-49.5808712
Santa Catarina,Balneário Piçarras,-26.7638889,-48.6716667
Santa Catarina,Balneário Rincão,-28.8235718,-49.2241642
Santa Catarina,Bandeirante,-26.7673451,-53.6391722
Santa Catarina,Barra Bonita,-26.6526364,-53.4419581
Santa Catarina,Barra Velha,-26.6338203,-48.6835001
Santa Catarina,Bela Vista do Toldo,-26.274625,-50.466354
Santa Catarina,Belmonte,-26.8448262,-53.578916
Santa Catarina,Benedito Novo,-26.7840657,-49.3629511
Santa Catarina,Biguaçu,-27.4961277,-48.6542432
Santa Catarina,Blumenau,-26.9195567,-49.0658025
Santa Catarina,Bocaina do Sul,-27.745494,-49.942279
Santa Catarina,Bom Jardim da Serra,-28.3380324,-49.625588
Santa Catarina,Bom Jesus,-26.7350604,-52.3916519
Santa Catarina,Bom Jesus do Oeste,-26.6929713,-53.0967453
Santa Catarina,Bom Retiro,-27.798993,-49.486994
Santa Catarina,Bombinhas,-27.1519159,-48.4875691
Santa Catarina,Botuverá,-27.1990695,-49.0726471
Santa Catarina,Braço do Norte,-28.2728633,-49.1622712
Santa Catarina,Braço do Trombudo,-27.358578,-49.882145
Santa Catarina,Brunópolis,-27.310953,-50.837585
Santa Catarina,Brusque,-27.0964628,-48.9136323
Santa Catarina,Caçador,-26.7737784,-51.0134844
Santa Catarina,Caibi,-27.0751925,-53.2502133
Santa Catarina,Calmon,-26.6023644,-51.0992893
Santa Catarina,Camboriú,-27.0273601,-48.6535657
Santa Catarina,Campo Alegre,-26.1941684,-49.2657484
Santa Catarina,Campo Belo do Sul,-27.8989298,-50.759562
Santa Catarina,Campo Erê,-26.3947432,-53.0790495
Santa Catarina,Campos Novos,-27.3962904,-51.2224397
Santa Catarina,Canelinha,-27.2660341,-48.7666708
Santa Catarina,Canoinhas,-26.1755121,-50.3949592
Santa Catarina,Capão Alto,-27.9382827,-50.511491
Santa Catarina,Capinzal,-27.3440651,-51.6110403
Santa Catarina,Capivari de Baixo,-28.449773,-48.963144
Santa Catarina,Catanduvas,-27.0689719,-51.660158
Santa Catarina,Caxambu do Sul,-27.1615046,-52.8796675
Santa Catarina,Celso Ramos,-27.6335797,-51.3368111
Santa Catarina,Cerro Negro,-27.7953331,-50.8741305
Santa Catarina,Chapadão do Lageado,-27.590507,-49.553879
Santa Catarina,Chapecó,-27.1110472,-52.5958977
Santa Catarina,Cocal do Sul,-28.6007346,-49.3248697
Santa Catarina,Concórdia,-27.2312011,-52.0231024
Santa Catarina,Cordilheira Alta,-26.9853947,-52.603549
Santa Catarina,Coronel Freitas,-26.9058932,-52.7028055
Santa Catarina,Coronel Martins,-26.5124719,-52.6681763
Santa Catarina,Correia Pinto,-27.587688,-50.361448
Santa Catarina,Corupá,-26.4267153,-49.24747
Santa Catarina,Criciúma,-28.6789941,-49.3695627
Santa Catarina,Cunha Porã,-26.8927163,-53.1716516
Santa Catarina,Cunhataí,-26.9735014,-53.0914014
Santa Catarina,Curitibanos,-27.2900659,-50.5779683
Santa Catarina,Descanso,-26.8246854,-53.5017586
Santa Catarina,Dionísio Cerqueira,-26.2604681,-53.6346379
Santa Catarina,Dona Emma,-26.9849398,-49.7265136
Santa Catarina,Doutor Pedrinho,-26.716408,-49.482726
Santa Catarina,Entre Rios,-26.7236463,-52.5638445
Santa Catarina,Ermo,-28.9849219,-49.6427198
Santa Catarina,Erval Velho,-27.2747859,-51.4429712
Santa Catarina,Faxinal dos Guedes,-26.8494222,-52.2586485
Santa Catarina,Flor do Sertão,-26.7784693,-53.3478823
Santa Catarina,Florianópolis,-27.5973002,-48.5496098
Santa Catarina,Formosa do Sul,-26.6478829,-52.7934366
Santa Catarina,Forquilhinha,-28.7487602,-49.4737661
Santa Catarina,Fraiburgo,-27.023288,-50.919978
Santa Catarina,Frei Rogério,-27.175021,-50.807621
Santa Catarina,Galvão,-26.4553595,-52.6869755
Santa Catarina,Garopaba,-28.0274798,-48.6240197
Santa Catarina,Garuva,-26.0294904,-48.8545202
Santa Catarina,Gaspar,-26.9307306,-48.9566824
Santa Catarina,Governador Celso Ramos,-27.317161,-48.557608
Santa Catarina,Grão-Pará,-28.1856937,-49.2163956
Santa Catarina,Gravatal,-28.3300703,-49.0362296
Santa Catarina,Guabiruba,-27.0864326,-48.9781319
Santa Catarina,Guaraciaba,-26.6001986,-53.5216209
Santa Catarina,Guaramirim,-26.4744805,-48.9981151
Santa Catarina,Guarujá do Sul,-26.3850268,-53.527794
Santa Catarina,Guatambu,-27.1123167,-52.7808261
Santa Catarina,Herval d'Oeste,-27.17361,-51.4903659
Santa Catarina,Ibiam,-27.1819094,-51.2369886
Santa Catarina,Ibicaré,-27.088141,-51.368101
Santa Catarina,Ibirama,-27.0537021,-49.5190771
Santa Catarina,Içara,-28.7116553,-49.2971441
Santa Catarina,Ilhota,-26.9022824,-48.8284968
Santa Catarina,Imaruí,-28.3440491,-48.8151737
Santa Catarina,Imbituba,-28.241827,-48.6643444
Santa Catarina,Imbuia,-27.49082,-49.421766
Santa Catarina,Indaial,-26.8901747,-49.2416736
Santa Catarina,Iomerê,-27.0019673,-51.2405514
Santa Catarina,Ipira,-27.4053188,-51.7734648
Santa Catarina,Iporã do Oeste,-26.9884305,-53.5345628
Santa Catarina,Ipuaçu,-26.6349873,-52.4555915
Santa Catarina,Ipumirim,-27.0762287,-52.135736
Santa Catarina,Iraceminha,-26.8237077,-53.272834
Santa Catarina,Irani,-27.0230476,-51.9010675
Santa Catarina,Irati,-26.6577742,-52.8929851
Santa Catarina,Irineópolis,-26.242006,-50.795687
Santa Catarina,Itá,-27.275006,-52.3381725
Santa Catarina,Itaiópolis,-26.3391899,-49.9071983
Santa Catarina,Itajaí,-26.9046787,-48.6552979
Santa Catarina,Itapema,-27.09472,-48.6137778
Santa Catarina,Itapiranga,-27.1724236,-53.7118989
Santa Catarina,Itapoá,-26.1162431,-48.6180177
Santa Catarina,Ituporanga,-27.4096219,-49.6014812
Santa Catarina,Jaborá,-27.1743246,-51.7348631
Santa Catarina,Jacinto Machado,-28.999338,-49.7603204
Santa Catarina,Jaguaruna,-28.6237365,-49.0288664
Santa Catarina,Jaraguá do Sul,-26.4897432,-49.0778063
Santa Catarina,Jardinópolis,-26.721575,-52.8591464
Santa Catarina,Joaçaba,-27.1737204,-51.5065214
Santa Catarina,Joinville,-26.3044898,-48.8486726
Santa Catarina,José Boiteux,-26.962072,-49.6262509
Santa Catarina,Jupiá,-26.3985774,-52.7262856
Santa Catarina,Lacerdópolis,-27.2614296,-51.5564429
Santa Catarina,Lages,-27.8165664,-50.325883
Santa Catarina,Laguna,-28.4837443,-48.7816572
Santa Catarina,Lajeado Grande,-26.8583425,-52.5666619
Santa Catarina,Laurentino,-27.2193231,-49.7322856
Santa Catarina,Lauro Müller,-28.3942244,-49.3975402
Santa Catarina,Lebon Régis,-26.927987,-50.692109
Santa Catarina,Leoberto Leal,-27.5071209,-49.2871979
Santa Catarina,Lindóia do Sul,-27.0520334,-52.0831975
Santa Catarina,Lontras,-27.1679891,-49.5424602
Santa Catarina,Luiz Alves,-26.7118577,-48.9126756
Santa Catarina,Luzerna,-27.1294338,-51.4686169
Santa Catarina,Macieira,-26.8541639,-51.3763845
Santa Catarina,Mafra,-26.1150943,-49.8035982
Santa Catarina,Major Gercino,-27.419236,-48.94878
Santa Catarina,Major Vieira,-26.3654856,-50.3272634
Santa Catarina,Maracajá,-28.8628566,-49.449388
Santa Catarina,Maravilha,-26.7623898,-53.1747387
Santa Catarina,Marema,-26.802361,-52.626445
Santa Catarina,Massaranduba,-26.610868,-49.005351
Santa Catarina,Matos Costa,-26.4739837,-51.1509787
Santa Catarina,Meleiro,-28.8303183,-49.6349851
Santa Catarina,Mirim Doce,-27.2003527,-50.0697185
Santa Catarina,Modelo,-26.7752383,-53.0525513
Santa Catarina,Mondaí,-27.1020777,-53.399242
Santa Catarina,Monte Carlo,-27.2216645,-50.9784032
Santa Catarina,Monte Castelo,-26.460989,-50.232724
Santa Catarina,Morro da Fumaça,-28.6522275,-49.2133979
Santa Catarina,Morro Grande,-28.80057,-49.721362
Santa Catarina,Navegantes,-26.8898813,-48.6495828
Santa Catarina,Nova Erechim,-26.9027688,-52.9071258
Santa Catarina,Nova Itaberaba,-26.9406956,-52.8132923
Santa Catarina,Nova Trento,-27.2862616,-48.9302652
Santa Catarina,Nova Veneza,-28.637371,-49.4997634
Santa Catarina,Novo Horizonte,-26.4465656,-52.8319931
Santa Catarina,Orleans,-28.3572698,-49.2872434
Santa Catarina,Otacílio Costa,-27.4832304,-50.1195204
Santa Catarina,Ouro,-27.3389051,-51.6137785
Santa Catarina,Ouro Verde,-26.6941871,-52.3103928
Santa Catarina,Paial,-27.2564715,-52.4998045
Santa Catarina,Painel,-27.9214849,-50.0994933
Santa Catarina,Palhoça,-27.6447774,-48.6646323
Santa Catarina,Palma Sola,-26.3482487,-53.2775974
Santa Catarina,Palmeira,-27.5797981,-50.1589086
Santa Catarina,Palmitos,-27.0711023,-53.1596594
Santa Catarina,Papanduva,-26.4085449,-50.1424094
Santa Catarina,Paraíso,-26.6184407,-53.675144
Santa Catarina,Passo de Torres,-29.325393,-49.7218979
Santa Catarina,Passos Maia,-26.7806434,-52.0611058
Santa Catarina,Paulo Lopes,-27.964968,-48.6830299
Santa Catarina,Pedras Grandes,-28.4357866,-49.1864128
Santa Catarina,Penha,-26.775418,-48.6465251
Santa Catarina,Peritiba,-27.3736365,-51.9050311
Santa Catarina,Pescaria Brava,-28.3845591,-48.8658054
Santa Catarina,Petrolândia,-27.5329615,-49.6984597
Santa Catarina,Pinhalzinho,-26.852586,-52.9872478
Santa Catarina,Pinheiro Preto,-27.0457296,-51.2296306
Santa Catarina,Piratuba,-27.4215816,-51.7822762
Santa Catarina,Planalto Alegre,-27.0721133,-52.8667023
Santa Catarina,Pomerode,-26.7356218,-49.1770095
Santa Catarina,Ponte Alta,-27.483497,-50.376404
Santa Catarina,Ponte Alta do Norte,-27.1626096,-50.4684028
Santa Catarina,Ponte Serrada,-26.8708566,-52.0164089
Santa Catarina,Porto Belo,-27.1542415,-48.5424395
Santa Catarina,Porto União,-26.2336416,-51.082771
Santa Catarina,Pouso Redondo,-27.2567443,-49.9331593
Santa Catarina,Praia Grande,-29.1967451,-49.9491133
Santa Catarina,Presidente Castello Branco,-27.2217868,-51.8089482
Santa Catarina,Presidente Getúlio,-27.0426247,-49.6210429
Santa Catarina,Presidente Nereu,-27.278277,-49.3890424
Santa Catarina,Princesa,-26.4452737,-53.599913
Santa Catarina,Quilombo,-26.7253683,-52.7193084
Santa Catarina,Rancho Queimado,-27.6727911,-49.0124197
Santa Catarina,Rio das Antas,-26.8998189,-51.0748324
Santa Catarina,Rio do Campo,-26.946807,-50.1412936
Santa Catarina,Rio do Oeste,-27.193267,-49.7984595
Santa Catarina,Rio do Sul,-27.2162607,-49.643654
Santa Catarina,Rio dos Cedros,-26.739777,-49.271828
Santa Catarina,Rio Fortuna,-28.1335539,-49.1048223
Santa Catarina,Rio Negrinho,-26.259075,-49.517746
Santa Catarina,Rio Rufino,-27.861691,-49.7806323
Santa Catarina,Riqueza,-27.0697574,-53.3225281
Santa Catarina,Rodeio,-26.9233304,-49.3685354
Santa Catarina,Romelândia,-26.6783317,-53.3189986
Santa Catarina,Salete,-26.9841891,-50.0076205
Santa Catarina,Saltinho,-26.604932,-53.057763
Santa Catarina,Salto Veloso,-26.9071647,-51.406771
Santa Catarina,Sangão,-28.6397512,-49.1266106
Santa Catarina,Santa Cecília,-26.9658952,-50.4182571
Santa Catarina,Santa Helena,-26.9388476,-53.6194274
Santa Catarina,Santa Rosa de Lima,-28.0404239,-49.1280356
Santa Catarina,Santa Rosa do Sul,-29.1354955,-49.7154188
Santa Catarina,Santa Terezinha,-26.7813,-50.009017
Santa Catarina,Santa Terezinha do Progresso,-26.6197384,-53.1986638
Santa Catarina,Santiago do Sul,-26.6346323,-52.6753323
Santa Catarina,Santo Amaro da Imperatriz,-27.6865324,-48.7769405
Santa Catarina,São Bento do Sul,-26.2483669,-49.3820672
Santa Catarina,São Bernardino,-26.4712934,-52.9658921
Santa Catarina,São Bonifácio,-27.900907,-48.932608
Santa Catarina,São Carlos,-27.081863,-53.0051018
Santa Catarina,São Cristóvão do Sul,-27.2670093,-50.4409508
Santa Catarina,São Domingos,-26.5593237,-52.5311718
Santa Catarina,São Francisco do Sul,-26.2495087,-48.6308087
Santa Catarina,São João Batista,-27.277547,-48.8496101
Santa Catarina,São João do Itaperiú,-26.6186415,-48.7670219
Santa Catarina,São João do Oeste,-27.0981223,-53.5931508
Santa Catarina,São João do Sul,-29.2246601,-49.8081785
Santa Catarina,São Joaquim,-28.2924972,-49.9353255
Santa Catarina,São José,-27.6157733,-48.6276491
Santa Catarina,São José do Cedro,-26.4555904,-53.4954785
Santa Catarina,São José do Cerrito,-27.6627041,-50.5791762
Santa Catarina,São Lourenço do Oeste,-26.35566,-52.849837
Santa Catarina,São Ludgero,-28.3243832,-49.174819
Santa Catarina,São Martinho,-28.165018,-48.9793424
Santa Catarina,São Miguel da Boa Vista,-26.6911028,-53.2522818
Santa Catarina,São Miguel do Oeste,-26.7278977,-53.5176689
Santa Catarina,São Pedro de Alcântara,-27.5676985,-48.8047973
Santa Catarina,Saudades,-26.9261779,-53.0046945
Santa Catarina,Schroeder,-26.411571,-49.074041
Santa Catarina,Seara,-27.1528578,-52.3096985
Santa Catarina,Serra Alta,-26.7291439,-53.0440668
Santa Catarina,Siderópolis,-28.597588,-49.4250007
Santa Catarina,Sombrio,-29.107985,-49.632776
Santa Catarina,Sul Brasil,-26.7379101,-52.9650177
Santa Catarina,Taió,-27.1167574,-50.0002159
Santa Catarina,Tangará,-27.0997957,-51.2477143
Santa Catarina,Tigrinhos,-26.6869135,-53.1570085
Santa Catarina,Tijucas,-27.239404,-48.6353696
Santa Catarina,Timbé do Sul,-28.8317599,-49.846643
Santa Catarina,Timbó,-26.8282737,-49.270641
Santa Catarina,Timbó Grande,-26.6170507,-50.6742579
Santa Catarina,Três Barras,-26.105632,-50.319692
Santa Catarina,Treviso,-28.5153879,-49.4582122
Santa Catarina,Treze de Maio,-28.5574415,-49.1447586
Santa Catarina,Treze Tílias,-26.9996788,-51.4073067
Santa Catarina,Trombudo Central,-27.3040981,-49.79316
Santa Catarina,Tubarão,-28.471488,-49.014132
Santa Catarina,Tunápolis,-26.97073,-53.6382084
Santa Catarina,Turvo,-28.9277445,-49.6792206
Santa Catarina,União do Oeste,-26.7642155,-52.8515985
Santa Catarina,Urubici,-28.015663,-49.592547
Santa Catarina,Urupema,-27.9557716,-49.875957
Santa Catarina,Urussanga,-28.5191381,-49.3201776
Santa Catarina,Vargeão,-26.861277,-52.1544966
Santa Catarina,Vargem,-27.4909659,-50.9781096
Santa Catarina,Vargem Bonita,-27.005456,-51.740238
Santa Catarina,Vidal Ramos,-27.3908814,-49.3615664
Santa Catarina,Videira,-27.00544,-51.1533733
Santa Catarina,Vitor Meireles,-26.879731,-49.833243
Santa Catarina,Witmarsum,-26.927487,-49.794675
Santa Catarina,Xanxerê,-26.8748603,-52.4035964
Santa Catarina,Xavantina,-27.0702363,-52.3431086
Santa Catarina,Xaxim,-26.9605363,-52.5335505
Santa Catarina,Zortéa,-27.4535362,-51.55359
Rio Grande do Sul,Aceguá,-31.8695131,-54.1615593
Rio Grande do Sul,Água Santa,-28.1775297,-52.0360304
Rio Grande do Sul,Agudo,-29.6423259,-53.2494005
Rio Grande do Sul,Ajuricaba,-28.239654,-53.7693013
Rio Grande do Sul,Alecrim,-27.6566142,-54.7653195
Rio Grande do Sul,Alegrete,-29.790166,-55.794862
Rio Grande do Sul,Alegria,-27.8332103,-54.0574959
Rio Grande do Sul,Almirante Tamandaré do Sul,-28.1141129,-52.9134874
Rio Grande do Sul,Alpestre,-27.2512339,-53.0349646
Rio Grande do Sul,Alto Alegre,-28.7755582,-52.9915086
Rio Grande do Sul,Alto Feliz,-29.3785943,-51.3123751
Rio Grande do Sul,Alvorada,-29.9981184,-51.0772509
Rio Grande do Sul,Amaral Ferrador,-30.8750633,-52.2542051
Rio Grande do Sul,Ametista do Sul,-27.3617341,-53.1826575
Rio Grande do Sul,André da Rocha,-28.6309124,-51.5733328
Rio Grande do Sul,Anta Gorda,-28.9718745,-52.0069187
Rio Grande do Sul,Antônio Prado,-28.8567806,-51.2801355
Rio Grande do Sul,Arambaré,-30.9132252,-51.4994625
Rio Grande do Sul,Araricá,-29.6168543,-50.929121
Rio Grande do Sul,Aratiba,-27.3811175,-52.291613
Rio Grande do Sul,Arroio do Meio,-29.4020392,-51.9444993
Rio Grande do Sul,Arroio do Padre,-31.4428773,-52.4228985
Rio Grande do Sul,Arroio do Sal,-29.5497237,-49.887984
Rio Grande do Sul,Arroio do Tigre,-29.334158,-53.0888935
Rio Grande do Sul,Arroio dos Ratos,-30.0894524,-51.7265541
Rio Grande do Sul,Arroio Grande,-32.2384246,-53.0866661
Rio Grande do Sul,Arvorezinha,-28.8731093,-52.1757917
Rio Grande do Sul,Augusto Pestana,-28.5148413,-53.9906433
Rio Grande do Sul,Áurea,-27.6970921,-52.0521778
Rio Grande do Sul,Bagé,-31.3314264,-54.1062808
Rio Grande do Sul,Balneário Pinhal,-30.2482237,-50.2339198
Rio Grande do Sul,Barão,-29.372474,-51.494908
Rio Grande do Sul,Barão de Cotegipe,-27.6214694,-52.3765316
Rio Grande do Sul,Barão do Triunfo,-30.3909877,-51.7375349
Rio Grande do Sul,Barra do Guarita,-27.1888016,-53.7147086
Rio Grande do Sul,Barra do Quaraí,-30.208947,-57.5505128
Rio Grande do Sul,Barra do Ribeiro,-30.2930206,-51.301437
Rio Grande do Sul,Barra do Rio Azul,-27.4086573,-52.41305
Rio Grande do Sul,Barra Funda,-27.9230048,-53.0401045
Rio Grande do Sul,Barracão,-27.6722339,-51.4583497
Rio Grande do Sul,Barros Cassal,-29.094938,-52.5832366
Rio Grande do Sul,Benjamin Constant do Sul,-27.5105555,-52.6007689
Rio Grande do Sul,Bento Gonçalves,-29.1654014,-51.5197627
Rio Grande do Sul,Boa Vista das Missões,-27.6677983,-53.3127622
Rio Grande do Sul,Boa Vista do Buricá,-27.6687782,-54.1111913
Rio Grande do Sul,Boa Vista do Cadeado,-28.5783827,-53.8123759
Rio Grande do Sul,Boa Vista do Incra,-28.8860851,-53.4837401
Rio Grande do Sul,Boa Vista do Sul,-29.3510488,-51.6779679
Rio Grande do Sul,Bom Jesus,-28.6692723,-50.4346894
Rio Grande do Sul,Bom Princípio,-29.489788,-51.3566782
Rio Grande do Sul,Bom Progresso,-27.5490948,-53.8655601
Rio Grande do Sul,Bom Retiro do Sul,-29.6000007,-51.9359243
Rio Grande do Sul,Boqueirão do Leão,-29.30332,-52.4296817
Rio Grande do Sul,Bossoroca,-28.7278885,-54.9120278
Rio Grande do Sul,Bozano,-28.3669953,-53.7705165
Rio Grande do Sul,Braga,-27.617348,-53.740514
Rio Grande do Sul,Brochier,-29.556766,-51.5963047
Rio Grande do Sul,Butiá,-30.1256795,-51.9692224
Rio Grande do Sul,Caçapava do Sul,-30.5113286,-53.4916761
Rio Grande do Sul,Cacequi,-29.8838059,-54.8273443
Rio Grande do Sul,Cachoeira do Sul,-30.0482234,-52.8901686
Rio Grande do Sul,Cachoeirinha,-29.9493353,-51.0898927
Rio Grande do Sul,Cacique Doble,-27.7700117,-51.6616409
Rio Grande do Sul,Caibaté,-28.287909,-54.64027
Rio Grande do Sul,Caiçara,-27.2750478,-53.4310053
Rio Grande do Sul,Camaquã,-30.8524752,-51.8075619
Rio Grande do Sul,Camargo,-28.5865661,-52.2031474
Rio Grande do Sul,Cambará do Sul,-29.0489517,-50.145412
Rio Grande do Sul,Campestre da Serra,-28.7966535,-51.0958149
Rio Grande do Sul,Campina das Missões,-27.9910517,-54.8404714
Rio Grande do Sul,Campinas do Sul,-27.7167968,-52.6257885
Rio Grande do Sul,Campo Bom,-29.678418,-51.0572268
Rio Grande do Sul,Campo Novo,-27.6792143,-53.8051654
Rio Grande do Sul,Campos Borges,-28.8852198,-52.999098
Rio Grande do Sul,Candelária,-29.668391,-52.789495
Rio Grande do Sul,Cândido Godói,-27.951509,-54.751722
Rio Grande do Sul,Candiota,-31.5240806,-53.7049103
Rio Grande do Sul,Canela,-29.3636094,-50.8096844
Rio Grande do Sul,Canguçu,-31.398276,-52.6773522
Rio Grande do Sul,Canoas,-29.9216045,-51.1799525
Rio Grande do Sul,Canudos do Vale,-29.3240418,-52.2348494
Rio Grande do Sul,Capão Bonito do Sul,-28.1287941,-51.393771
Rio Grande do Sul,Capão da Canoa,-29.7508278,-50.0210729
Rio Grande do Sul,Capão do Cipó,-28.9317296,-54.5555783
Rio Grande do Sul,Capão do Leão,-31.766133,-52.5013148
Rio Grande do Sul,Capela de Santana,-29.6926603,-51.3206659
Rio Grande do Sul,Capitão,-29.2718294,-51.9869716
Rio Grande do Sul,Capivari do Sul,-30.1437605,-50.5129169
Rio Grande do Sul,Caraá,-29.7916777,-50.4339994
Rio Grande do Sul,Carazinho,-28.2981634,-52.7942363
Rio Grande do Sul,Carlos Barbosa,-29.2978372,-51.5005613
Rio Grande do Sul,Carlos Gomes,-27.7161093,-51.9135613
Rio Grande do Sul,Casca,-28.5652711,-51.9769207
Rio Grande do Sul,Caseiros,-28.2721149,-51.6873536
Rio Grande do Sul,Catuípe,-28.255356,-54.013215
Rio Grande do Sul,Caxias do Sul,-29.1685045,-51.1796385
Rio Grande do Sul,Centenário,-27.7608249,-51.9984409
Rio Grande do Sul,Cerrito,-31.8546304,-52.8151659
Rio Grande do Sul,Cerro Branco,-29.6359134,-52.949799
Rio Grande do Sul,Cerro Grande do Sul,-30.5962963,-51.7517196
Rio Grande do Sul,Cerro Grande,-27.6088939,-53.1663055
Rio Grande do Sul,Cerro Largo,-28.147498,-54.7383681
Rio Grande do Sul,Chapada,-28.0587829,-53.0657459
Rio Grande do Sul,Charqueadas,-29.9549088,-51.6249534
Rio Grande do Sul,Charrua,-27.9533747,-52.0312591
Rio Grande do Sul,Chiapetta,-27.923162,-53.9419052
Rio Grande do Sul,Chuí,-33.6895237,-53.454704
Rio Grande do Sul,Chuvisca,-30.7543186,-51.9790909
Rio Grande do Sul,Cidreira,-30.1657063,-50.218331
Rio Grande do Sul,Ciríaco,-28.3429139,-51.8763682
Rio Grande do Sul,Colinas,-29.3866023,-51.8697911
Rio Grande do Sul,Colorado,-28.525842,-52.99282
Rio Grande do Sul,Condor,-28.2058277,-53.4844696
Rio Grande do Sul,Constantina,-27.7331711,-52.9929561
Rio Grande do Sul,Coqueiro Baixo,-29.181566,-52.097034
Rio Grande do Sul,Coqueiros do Sul,-28.1184032,-52.7824375
Rio Grande do Sul,Coronel Barros,-28.3826325,-54.0704116
Rio Grande do Sul,Coronel Bicaco,-27.7174002,-53.705821
Rio Grande do Sul,Coronel Pilar,-29.27318,-51.6852347
Rio Grande do Sul,Cotiporã,-28.9950719,-51.696359
Rio Grande do Sul,Coxilha,-28.1255645,-52.2976394
Rio Grande do Sul,Crissiumal,-27.4982242,-54.1024643
Rio Grande do Sul,Cristal,-31.00166,-52.0491777
Rio Grande do Sul,Cristal do Sul,-27.454386,-53.2482974
Rio Grande do Sul,Cruz Alta,-28.645056,-53.6058047
Rio Grande do Sul,Cruzaltense,-27.667414,-52.6487833
Rio Grande do Sul,Cruzeiro do Sul,-29.5139742,-51.9917068
Rio Grande do Sul,David Canabarro,-28.3878667,-51.8472645
Rio Grande do Sul,Derrubadas,-27.2657279,-53.8618488
Rio Grande do Sul,Dezesseis de Novembro,-28.2248993,-55.0480474
Rio Grande do Sul,Dilermando de Aguiar,-29.7049966,-54.2078988
Rio Grande do Sul,Dois Irmãos das Missões,-27.6598825,-53.5330891
Rio Grande do Sul,Dois Irmãos,-29.58356,-51.089776
Rio Grande do Sul,Dois Lajeados,-28.984916,-51.8366385
Rio Grande do Sul,Dom Feliciano,-30.70214,-52.1080845
Rio Grande do Sul,Dom Pedrito,-30.983755,-54.6746483
Rio Grande do Sul,Dom Pedro de Alcântara,-29.3698329,-49.8479971
Rio Grande do Sul,Dona Francisca,-29.623063,-53.3560585
Rio Grande do Sul,Doutor Maurício Cardoso,-27.5067264,-54.3626756
Rio Grande do Sul,Doutor Ricardo,-29.0901549,-51.9894847
Rio Grande do Sul,Eldorado do Sul,-29.9976311,-51.3063965
Rio Grande do Sul,Encantado,-29.2392716,-51.8744817
Rio Grande do Sul,Encruzilhada do Sul,-30.5433066,-52.5223514
Rio Grande do Sul,Engenho Velho,-27.7114504,-52.9125692
Rio Grande do Sul,Entre Rios do Sul,-27.5299266,-52.7325438
Rio Grande do Sul,Entre-Ijuís,-28.361628,-54.2670019
Rio Grande do Sul,Erebango,-27.8542708,-52.3029274
Rio Grande do Sul,Erechim,-27.6350709,-52.2738654
Rio Grande do Sul,Ernestina,-28.498434,-52.5702451
Rio Grande do Sul,Erval Grande,-27.3910282,-52.5703742
Rio Grande do Sul,Erval Seco,-27.5511418,-53.506851
Rio Grande do Sul,Esmeralda,-28.0543707,-51.1921896
Rio Grande do Sul,Esperança do Sul,-27.3617442,-53.9909736
Rio Grande do Sul,Espumoso,-28.7256962,-52.8453751
Rio Grande do Sul,Estação,-27.9128965,-52.2606058
Rio Grande do Sul,Estância Velha,-29.6529666,-51.1719687
Rio Grande do Sul,Esteio,-29.8511627,-51.1778852
Rio Grande do Sul,Estrela,-29.5010545,-51.962226
Rio Grande do Sul,Estrela Velha,-29.1775802,-53.1597523
Rio Grande do Sul,Eugênio de Castro,-28.5286033,-54.1475172
Rio Grande do Sul,Fagundes Varela,-28.8807515,-51.6987798
Rio Grande do Sul,Farroupilha,-29.22647,-51.3468188
Rio Grande do Sul,Faxinal do Soturno,-29.5771687,-53.445804
Rio Grande do Sul,Faxinalzinho,-27.4240501,-52.6738684
Rio Grande do Sul,Fazenda Vilanova,-29.588511,-51.821714
Rio Grande do Sul,Feliz,-29.4523254,-51.3069785
Rio Grande do Sul,Flores da Cunha,-29.030129,-51.1833349
Rio Grande do Sul,Floriano Peixoto,-27.8603248,-52.0856015
Rio Grande do Sul,Fontoura Xavier,-28.981655,-52.344455
Rio Grande do Sul,Formigueiro,-29.9982245,-53.5029931
Rio Grande do Sul,Forquetinha,-29.3818754,-52.1008021
Rio Grande do Sul,Fortaleza dos Valos,-28.7959241,-53.2246622
Rio Grande do Sul,Frederico Westphalen,-27.35711,-53.3964117
Rio Grande do Sul,Garibaldi,-29.2562253,-51.5269167
Rio Grande do Sul,Garruchos,-28.1892458,-55.6382958
Rio Grande do Sul,Gaurama,-27.5879319,-52.0927073
Rio Grande do Sul,General Câmara,-29.9059611,-51.7626198
Rio Grande do Sul,Gentil,-28.4319165,-52.0348748
Rio Grande do Sul,Getúlio Vargas,-27.8871493,-52.2257967
Rio Grande do Sul,Giruá,-28.0299396,-54.3506855
Rio Grande do Sul,Glorinha,-29.8790534,-50.7869437
Rio Grande do Sul,Gramado dos Loureiros,-27.4439526,-52.9183699
Rio Grande do Sul,Gramado Xavier,-29.2702991,-52.5785872
Rio Grande do Sul,Gramado,-29.3792858,-50.8737019
Rio Grande do Sul,Gravataí,-29.9440222,-50.9930938
Rio Grande do Sul,Guabiju,-28.5417413,-51.6910921
Rio Grande do Sul,Guaíba,-30.1130731,-51.329442
Rio Grande do Sul,Guaporé,-28.8471928,-51.8907881
Rio Grande do Sul,Guarani das Missões,-28.1445277,-54.5570355
Rio Grande do Sul,Harmonia,-29.549989,-51.422308
Rio Grande do Sul,Herval,-32.0260806,-53.3951333
Rio Grande do Sul,Herveiras,-29.4544867,-52.6529235
Rio Grande do Sul,Horizontina,-27.627931,-54.3090256
Rio Grande do Sul,Hulha Negra,-31.4074739,-53.8699535
Rio Grande do Sul,Humaitá,-27.5660564,-53.9719817
Rio Grande do Sul,Ibarama,-29.4203176,-53.1313179
Rio Grande do Sul,Ibiaçá,-28.0564247,-51.8566036
Rio Grande do Sul,Ibiraiaras,-28.3705672,-51.6366969
Rio Grande do Sul,Ibirapuitã,-28.6226503,-52.5170577
Rio Grande do Sul,Ibirubá,-28.630161,-53.096124
Rio Grande do Sul,Igrejinha,-29.569318,-50.791894
Rio Grande do Sul,Ijuí,-28.3878734,-53.9201692
Rio Grande do Sul,Ilópolis,-28.92825,-52.125816
Rio Grande do Sul,Imbé,-29.975269,-50.128068
Rio Grande do Sul,Imigrante,-29.354229,-51.7773242
Rio Grande do Sul,Independência,-27.8523717,-54.1909592
Rio Grande do Sul,Inhacorá,-27.8812321,-54.021433
Rio Grande do Sul,Ipê,-28.8189281,-51.2796422
Rio Grande do Sul,Ipiranga do Sul,-27.9367583,-52.4251556
Rio Grande do Sul,Iraí,-27.1955392,-53.256791
Rio Grande do Sul,Itaara,-29.6071165,-53.7557841
Rio Grande do Sul,Itacurubi,-28.7962478,-55.2360598
Rio Grande do Sul,Itapuca,-28.7802782,-52.1727517
Rio Grande do Sul,Itaqui,-29.1222037,-56.5551258
Rio Grande do Sul,Itati,-29.4918877,-50.102071
Rio Grande do Sul,Itatiba do Sul,-27.3859383,-52.4559831
Rio Grande do Sul,Ivorá,-29.5196814,-53.5804505
Rio Grande do Sul,Ivoti,-29.5934057,-51.1599403
Rio Grande do Sul,Jaboticaba,-27.6311203,-53.2794089
Rio Grande do Sul,Jacuizinho,-29.0342213,-53.0534957
Rio Grande do Sul,Jacutinga,-27.729135,-52.53724
Rio Grande do Sul,Jaguarão,-32.5662724,-53.3765705
Rio Grande do Sul,Jaguari,-29.4980313,-54.6919404
Rio Grande do Sul,Jaquirana,-28.8836757,-50.3580098
Rio Grande do Sul,Jari,-29.292234,-54.223711
Rio Grande do Sul,Jóia,-28.6465036,-54.1199165
Rio Grande do Sul,Júlio de Castilhos,-29.2286575,-53.6825217
Rio Grande do Sul,Lagoa Bonita do Sul,-29.4903817,-53.0145712
Rio Grande do Sul,Lagoa dos Três Cantos,-28.5668647,-52.8581637
Rio Grande do Sul,Lagoa Vermelha,-28.2087034,-51.527499
Rio Grande do Sul,Lagoão,-29.2242092,-52.7738611
Rio Grande do Sul,Lajeado,-29.4671522,-51.9624046
Rio Grande do Sul,Lajeado do Bugre,-27.6903262,-53.1811907
Rio Grande do Sul,Lavras do Sul,-30.8118057,-53.8982856
Rio Grande do Sul,Liberato Salzano,-27.6003296,-53.0714815
Rio Grande do Sul,Lindolfo Collor,-29.5956301,-51.2102797
Rio Grande do Sul,Linha Nova,-29.467709,-51.2001125
Rio Grande do Sul,Maçambará,-29.144485,-56.067444
Rio Grande do Sul,Machadinho,-27.5658904,-51.6677057
Rio Grande do Sul,Mampituba,-29.2128226,-49.9344527
Rio Grande do Sul,Manoel Viana,-29.585935,-55.484112
Rio Grande do Sul,Maquiné,-29.6756372,-50.2056317
Rio Grande do Sul,Maratá,-29.549349,-51.5546411
Rio Grande do Sul,Marau,-28.4493053,-52.2002156
Rio Grande do Sul,Marcelino Ramos,-27.4622708,-51.9081009
Rio Grande do Sul,Mariana Pimentel,-30.3536856,-51.5832775
Rio Grande do Sul,Mariano Moro,-27.3541972,-52.1469053
Rio Grande do Sul,Marques de Souza,-29.3275642,-52.0961801
Rio Grande do Sul,Mata,-29.5637643,-54.4590898
Rio Grande do Sul,Mato Castelhano,-28.2782729,-52.1948111
Rio Grande do Sul,Mato Leitão,-29.5281244,-52.1278069
Rio Grande do Sul,Mato Queimado,-28.257822,-54.61709
Rio Grande do Sul,Maximiliano de Almeida,-27.6326512,-51.8046768
Rio Grande do Sul,Minas do Leão,-30.1334499,-52.0455962
Rio Grande do Sul,Miraguaí,-27.4943651,-53.6874223
Rio Grande do Sul,Montauri,-28.6501657,-52.0757639
Rio Grande do Sul,Monte Alegre dos Campos,-28.6840498,-50.7820322
Rio Grande do Sul,Monte Belo do Sul,-29.1636205,-51.6347449
Rio Grande do Sul,Montenegro,-29.6826112,-51.4687455
Rio Grande do Sul,Mormaço,-28.6935499,-52.6925978
Rio Grande do Sul,Morrinhos do Sul,-29.3653782,-49.9314425
Rio Grande do Sul,Morro Redondo,-31.5921148,-52.6257669
Rio Grande do Sul,Morro Reuter,-29.5389519,-51.0818864
Rio Grande do Sul,Mostardas,-31.10538,-50.916692
Rio Grande do Sul,Muçum,-29.1672546,-51.8745312
Rio Grande do Sul,Muitos Capões,-28.3162856,-51.1836226
Rio Grande do Sul,Muliterno,-28.3295989,-51.7682438
Rio Grande do Sul,Não-Me-Toque,-28.4575507,-52.8196547
Rio Grande do Sul,Nicolau Vergueiro,-28.5361987,-52.4631712
Rio Grande do Sul,Nonoai,-27.3660882,-52.7717853
Rio Grande do Sul,Nova Alvorada,-28.6774191,-52.1663732
Rio Grande do Sul,Nova Araçá,-28.6604116,-51.7424776
Rio Grande do Sul,Nova Bassano,-28.7304074,-51.7034689
Rio Grande do Sul,Nova Boa Vista,-27.993207,-52.9798023
Rio Grande do Sul,Nova Bréscia,-29.2158737,-52.0290188
Rio Grande do Sul,Nova Candelária,-27.6110759,-54.1065402
Rio Grande do Sul,Nova Esperança do Sul,-29.4102156,-54.8287783
Rio Grande do Sul,Nova Hartz,-29.5842391,-50.9043246
Rio Grande do Sul,Nova Pádua,-29.0283514,-51.3075981
Rio Grande do Sul,Nova Palma,-29.4711081,-53.4693751
Rio Grande do Sul,Nova Petrópolis,-29.3759836,-51.1123342
Rio Grande do Sul,Nova Prata,-28.7849383,-51.6091999
Rio Grande do Sul,Nova Ramada,-28.0820908,-53.7063919
Rio Grande do Sul,Nova Roma do Sul,-28.9884663,-51.4086514
Rio Grande do Sul,Nova Santa Rita,-29.8489972,-51.2764275
Rio Grande do Sul,Novo Barreiro,-27.9075461,-53.1095554
Rio Grande do Sul,Novo Cabrais,-29.7347439,-52.9499851
Rio Grande do Sul,Novo Hamburgo,-29.6905705,-51.1429035
Rio Grande do Sul,Novo Machado,-27.5780463,-54.5010396
Rio Grande do Sul,Novo Tiradentes,-27.5628338,-53.1827183
Rio Grande do Sul,Novo Xingu,-27.7482333,-53.0629707
Rio Grande do Sul,Osório,-29.8890733,-50.2740498
Rio Grande do Sul,Paim Filho,-27.7099371,-51.7586234
Rio Grande do Sul,Palmares do Sul,-30.2580247,-50.5097954
Rio Grande do Sul,Palmeira das Missões,-27.9010519,-53.3135927
Rio Grande do Sul,Palmitinho,-27.3553374,-53.5575968
Rio Grande do Sul,Panambi,-28.2898542,-53.501822
Rio Grande do Sul,Pantano Grande,-30.1907942,-52.3721771
Rio Grande do Sul,Paraí,-28.5966772,-51.7851426
Rio Grande do Sul,Paraíso do Sul,-29.7311548,-53.1777338
Rio Grande do Sul,Pareci Novo,-29.6386722,-51.3961969
Rio Grande do Sul,Parobé,-29.624257,-50.83118
Rio Grande do Sul,Passa-Sete,-29.4498383,-52.9652172
Rio Grande do Sul,Passo do Sobrado,-29.7477243,-52.2734293
Rio Grande do Sul,Passo Fundo,-28.2550598,-52.3966606
Rio Grande do Sul,Paulo Bento,-27.7034385,-52.4220174
Rio Grande do Sul,Paverama,-29.5521033,-51.7343769
Rio Grande do Sul,Pedras Altas,-31.7324042,-53.585424
Rio Grande do Sul,Pedro Osório,-31.861921,-52.8219388
Rio Grande do Sul,Pejuçara,-28.4217646,-53.6554254
Rio Grande do Sul,Pelotas,-31.7699736,-52.3410161
Rio Grande do Sul,Picada Café,-29.446421,-51.136725
Rio Grande do Sul,Pinhal,-27.5114158,-53.2163814
Rio Grande do Sul,Pinhal da Serra,-27.8743529,-51.1706149
Rio Grande do Sul,Pinhal Grande,-29.3472446,-53.3343023
Rio Grande do Sul,Pinheirinho do Vale,-27.2111177,-53.6144253
Rio Grande do Sul,Pinheiro Machado,-31.5792646,-53.3822191
Rio Grande do Sul,Pinto Bandeira,-29.0977191,-51.4498258
Rio Grande do Sul,Pirapó,-28.045428,-55.1987198
Rio Grande do Sul,Piratini,-31.448451,-53.1039931
Rio Grande do Sul,Planalto,-27.3297033,-53.0575473
Rio Grande do Sul,Poço das Antas,-29.4512516,-51.6690936
Rio Grande do Sul,Pontão,-28.0599735,-52.6779378
Rio Grande do Sul,Ponte Preta,-27.6577598,-52.4895431
Rio Grande do Sul,Portão,-29.6932554,-51.2331837
Rio Grande do Sul,Porto Alegre,-30.0324999,-51.2303767
Rio Grande do Sul,Porto Lucena,-27.8532622,-55.0198385
Rio Grande do Sul,Porto Mauá,-27.5740153,-54.6690808
Rio Grande do Sul,Porto Vera Cruz,-27.7354566,-54.9009622
Rio Grande do Sul,Porto Xavier,-27.9061459,-55.1395757
Rio Grande do Sul,Pouso Novo,-29.1695872,-52.2085122
Rio Grande do Sul,Presidente Lucena,-29.517549,-51.179798
Rio Grande do Sul,Progresso,-29.2419958,-52.3108869
Rio Grande do Sul,Protásio Alves,-28.7586297,-51.4741516
Rio Grande do Sul,Putinga,-29.0017469,-52.1566367
Rio Grande do Sul,Quaraí,-30.3818093,-56.4526576
Rio Grande do Sul,Quatro Irmãos,-27.8229301,-52.4427548
Rio Grande do Sul,Quevedos,-29.3529828,-54.0687208
Rio Grande do Sul,Quinze de Novembro,-28.742279,-53.0951692
Rio Grande do Sul,Redentora,-27.6616073,-53.6421338
Rio Grande do Sul,Relvado,-29.1121081,-52.0713979
Rio Grande do Sul,Restinga Sêca,-29.8145611,-53.3734546
Rio Grande do Sul,Rio dos Índios,-27.3010535,-52.8406196
Rio Grande do Sul,Rio Grande,-32.0334252,-52.0991297
Rio Grande do Sul,Rio Pardo,-29.9820554,-52.3702447
Rio Grande do Sul,Riozinho,-29.6404582,-50.4596262
Rio Grande do Sul,Roca Sales,-29.2872555,-51.8724318
Rio Grande do Sul,Rodeio Bonito,-27.4725021,-53.1705906
Rio Grande do Sul,Rolador,-28.2558989,-54.8179212
Rio Grande do Sul,Rolante,-29.6527945,-50.5769391
Rio Grande do Sul,Ronda Alta,-27.782064,-52.8078036
Rio Grande do Sul,Rondinha,-27.8295534,-52.9084074
Rio Grande do Sul,Roque Gonzales,-28.1324578,-55.0263416
Rio Grande do Sul,Rosário do Sul,-30.2527151,-54.9179382
Rio Grande do Sul,Sagrada Família,-27.7085454,-53.1364113
Rio Grande do Sul,Saldanha Marinho,-28.3966396,-53.0952929
Rio Grande do Sul,Salto do Jacuí,-29.0899771,-53.2111244
Rio Grande do Sul,Salvador das Missões,-28.1232686,-54.8354107
Rio Grande do Sul,Salvador do Sul,-29.4395698,-51.5103295
Rio Grande do Sul,Sananduva,-27.9499376,-51.8074435
Rio Grande do Sul,Santa Bárbara do Sul,-28.3654722,-53.2510995
Rio Grande do Sul,Santa Cecília do Sul,-28.1625105,-51.9297926
Rio Grande do Sul,Santa Clara do Sul,-29.4686024,-52.0868635
Rio Grande do Sul,Santa Cruz do Sul,-29.714209,-52.4285807
Rio Grande do Sul,Santa Margarida do Sul,-30.339117,-54.0856735
Rio Grande do Sul,Santa Maria,-29.6860512,-53.8069214
Rio Grande do Sul,Santa Maria do Herval,-29.4977269,-50.9919419
Rio Grande do Sul,Santa Rosa,-27.8643546,-54.4779287
Rio Grande do Sul,Santa Tereza,-29.1697808,-51.7363155
Rio Grande do Sul,Santa Vitória do Palmar,-33.5198333,-53.3693967
Rio Grande do Sul,Santana da Boa Vista,-30.8736867,-53.1148304
Rio Grande do Sul,Sant'Ana do Livramento,-30.8894097,-55.5317694
Rio Grande do Sul,Santiago,-29.189675,-54.866624
Rio Grande do Sul,Santo Ângelo,-28.3000481,-54.2669971
Rio Grande do Sul,Santo Antônio da Patrulha,-29.826768,-50.517489
Rio Grande do Sul,Santo Antônio das Missões,-28.5117897,-55.2290047
Rio Grande do Sul,Santo Antônio do Palma,-28.4946558,-52.0254769
Rio Grande do Sul,Santo Antônio do Planalto,-28.3991804,-52.6910319
Rio Grande do Sul,Santo Augusto,-27.852577,-53.777605
Rio Grande do Sul,Santo Cristo,-27.826259,-54.661963
Rio Grande do Sul,Santo Expedito do Sul,-27.9098613,-51.6433072
Rio Grande do Sul,São Borja,-28.6592237,-56.0044295
Rio Grande do Sul,São Domingos do Sul,-28.5297239,-51.8905306
Rio Grande do Sul,São Francisco de Assis,-29.559214,-55.1209843
Rio Grande do Sul,São Francisco de Paula,-29.448454,-50.5833027
Rio Grande do Sul,São Gabriel,-30.334214,-54.3227149
Rio Grande do Sul,São Jerônimo,-29.959642,-51.7238192
Rio Grande do Sul,São João da Urtiga,-27.8162722,-51.8297741
Rio Grande do Sul,São João do Polêsine,-29.6156424,-53.4455412
Rio Grande do Sul,São Jorge,-28.5006499,-51.7050503
Rio Grande do Sul,São José das Missões,-27.7783652,-53.1185847
Rio Grande do Sul,São José do Herval,-29.0448214,-52.2948783
Rio Grande do Sul,São José do Hortêncio,-29.5305383,-51.2503032
Rio Grande do Sul,São José do Inhacorá,-27.725055,-54.127462
Rio Grande do Sul,São José do Norte,-32.0145182,-52.0406082
Rio Grande do Sul,São José do Ouro,-27.7736185,-51.5947672
Rio Grande do Sul,São José do Sul,-29.537476,-51.4828905
Rio Grande do Sul,São José dos Ausentes,-28.747731,-50.0645582
Rio Grande do Sul,São Leopoldo,-29.7544405,-51.1516497
Rio Grande do Sul,São Lourenço do Sul,-31.3669286,-51.9814839
Rio Grande do Sul,São Luiz Gonzaga,-28.4074546,-54.9609081
Rio Grande do Sul,São Marcos,-28.9706799,-51.0687665
Rio Grande do Sul,São Martinho,-27.7079086,-53.9623041
Rio Grande do Sul,São Martinho da Serra,-29.5380766,-53.8544925
Rio Grande do Sul,São Miguel das Missões,-28.5451471,-54.5469209
Rio Grande do Sul,São Nicolau,-28.1857386,-55.2615035
Rio Grande do Sul,São Paulo das Missões,-28.0225895,-54.936466
Rio Grande do Sul,São Pedro da Serra,-29.4195585,-51.5142114
Rio Grande do Sul,São Pedro das Missões,-27.7729041,-53.2478857
Rio Grande do Sul,São Pedro do Butiá,-28.1241467,-54.8914661
Rio Grande do Sul,São Pedro do Sul,-29.6152729,-54.1790311
Rio Grande do Sul,São Sebastião do Caí,-29.5911777,-51.3778772
Rio Grande do Sul,São Sepé,-30.167219,-53.5690914
Rio Grande do Sul,São Valentim,-27.5588628,-52.5241756
Rio Grande do Sul,São Valentim do Sul,-29.0503352,-51.7675031
Rio Grande do Sul,São Valério do Sul,-27.7881823,-53.9348211
Rio Grande do Sul,São Vendelino,-29.3684935,-51.3790426
Rio Grande do Sul,São Vicente do Sul,-29.688161,-54.682643
Rio Grande do Sul,Sapiranga,-29.6392382,-51.0068586
Rio Grande do Sul,Sapucaia do Sul,-29.8197019,-51.1608722
Rio Grande do Sul,Sarandi,-27.942,-52.923085
Rio Grande do Sul,Seberi,-27.4828134,-53.4013251
Rio Grande do Sul,Sede Nova,-27.636739,-53.94929
Rio Grande do Sul,Segredo,-29.3431272,-52.9793788
Rio Grande do Sul,Selbach,-28.6299869,-52.9530657
Rio Grande do Sul,Senador Salgado Filho,-28.0270233,-54.5435136
Rio Grande do Sul,Sentinela do Sul,-30.6118857,-51.5817117
Rio Grande do Sul,Serafina Corrêa,-28.7120266,-51.9343269
Rio Grande do Sul,Sério,-29.3844988,-52.2685744
Rio Grande do Sul,Sertão,-27.9853815,-52.257587
Rio Grande do Sul,Sertão Santana,-30.4617134,-51.6041992
Rio Grande do Sul,Sete de Setembro,-28.1297132,-54.462746
Rio Grande do Sul,Severiano de Almeida,-27.4332178,-52.1155068
Rio Grande do Sul,Silveira Martins,-29.64318,-53.5865469
Rio Grande do Sul,Sinimbu,-29.5346879,-52.5199906
Rio Grande do Sul,Sobradinho,-29.4131826,-53.0256794
Rio Grande do Sul,Soledade,-28.8272467,-52.5109157
Rio Grande do Sul,Tabaí,-29.6877843,-51.7180847
Rio Grande do Sul,Tapejara,-28.069233,-52.0117161
Rio Grande do Sul,Tapera,-28.6262957,-52.8680873
Rio Grande do Sul,Tapes,-30.6747721,-51.3986199
Rio Grande do Sul,Taquara,-29.6452036,-50.7832169
Rio Grande do Sul,Taquari,-29.7942136,-51.8647988
Rio Grande do Sul,Taquaruçu do Sul,-27.4003987,-53.4684102
Rio Grande do Sul,Tavares,-31.287471,-51.0897986
Rio Grande do Sul,Tenente Portela,-27.371058,-53.758484
Rio Grande do Sul,Terra de Areia,-29.5789455,-50.06336
Rio Grande do Sul,Teutônia,-29.4816568,-51.813752
Rio Grande do Sul,Tio Hugo,-28.5768433,-52.5969066
Rio Grande do Sul,Tiradentes do Sul,-27.3973624,-54.0853785
Rio Grande do Sul,Toropi,-29.478246,-54.224398
Rio Grande do Sul,Torres,-29.3373663,-49.7299648
Rio Grande do Sul,Tramandaí,-29.9855339,-50.1316076
Rio Grande do Sul,Travesseiro,-29.2977561,-52.0562096
Rio Grande do Sul,Três Arroios,-27.4995057,-52.149354
Rio Grande do Sul,Três Cachoeiras,-29.4521243,-49.9190608
Rio Grande do Sul,Três Coroas,-29.5155023,-50.7770635
Rio Grande do Sul,Três de Maio,-27.7799415,-54.2356626
Rio Grande do Sul,Três Forquilhas,-29.5375482,-50.0650535
Rio Grande do Sul,Três Palmeiras,-27.6166217,-52.8412626
Rio Grande do Sul,Três Passos,-27.4556106,-53.9294399
Rio Grande do Sul,Trindade do Sul,-27.5218951,-52.8986017
Rio Grande do Sul,Triunfo,-29.9407972,-51.7191859
Rio Grande do Sul,Tucunduva,-27.6581837,-54.4416605
Rio Grande do Sul,Tunas,-29.1053032,-52.9569329
Rio Grande do Sul,Tupanci do Sul,-27.9239665,-51.5377991
Rio Grande do Sul,Tupanciretã,-29.0798756,-53.8386668
Rio Grande do Sul,Tupandi,-29.4779269,-51.4209232
Rio Grande do Sul,Tuparendi,-27.7622992,-54.4829323
Rio Grande do Sul,Turuçu,-31.4191603,-52.1765159
Rio Grande do Sul,Ubiretama,-28.0455687,-54.68158
Rio Grande do Sul,União da Serra,-28.7531756,-52.0152854
Rio Grande do Sul,Unistalda,-29.0476115,-55.1503792
Rio Grande do Sul,Uruguaiana,-29.7560726,-57.0867546
Rio Grande do Sul,Vacaria,-28.5102901,-50.9356044
Rio Grande do Sul,Vale do Sol,-29.6036459,-52.6867334
Rio Grande do Sul,Vale Real,-29.391944,-51.255859
Rio Grande do Sul,Vale Verde,-29.7830651,-52.1843582
Rio Grande do Sul,Vanini,-28.4762692,-51.8452978
Rio Grande do Sul,Venâncio Aires,-29.614306,-52.193159
Rio Grande do Sul,Vera Cruz,-29.7157235,-52.5007403
Rio Grande do Sul,Veranópolis,-28.9351239,-51.5519175
Rio Grande do Sul,Vespasiano Corrêa,-29.0689663,-51.8597913
Rio Grande do Sul,Viadutos,-27.5706489,-52.0210682
Rio Grande do Sul,Viamão,-30.0819338,-51.0261927
Rio Grande do Sul,Vicente Dutra,-27.1669307,-53.4048541
Rio Grande do Sul,Victor Graeff,-28.563163,-52.749535
Rio Grande do Sul,Vila Flores,-28.8644244,-51.5506499
Rio Grande do Sul,Vila Lângaro,-28.1073953,-52.1446254
Rio Grande do Sul,Vila Maria,-28.53429,-52.1548439
Rio Grande do Sul,Vila Nova do Sul,-30.343232,-53.8833913
Rio Grande do Sul,Vista Alegre do Prata,-28.8080826,-51.7868557
Rio Grande do Sul,Vista Alegre,-27.368619,-53.491876
Rio Grande do Sul,Vista Gaúcha,-27.2897171,-53.7024746
Rio Grande do Sul,Vitória das Missões,-28.3525794,-54.4995706
Rio Grande do Sul,Westfália,-29.4221238,-51.7655231
Rio Grande do Sul,Xangri-lá,-29.8039422,-50.0413748
